식당명,주소1,주소2,위도,경도,행정동,
오리진커피,대구 수성구 범어천로 8,(지번) 황금동 683-4,35.84790177,128.6241898,황금2동,
스타벅스 국립대구박물관DT점,대구 수성구 청호로 318,(지번) 황금동 69-3,35.84565173,128.6391299,황금1동,
커피는책이랑,대구 수성구 들안로46길 6 1층,(지번) 황금동 708-2,35.85074604,128.6172434,황금2동,
투썸플레이스 대구황금점,대구 수성구 청수로 107 1층,(지번) 황금동 889-1,35.84055476,128.6200644,황금2동,
에스페소,대구 수성구 동대구로 159 1층,(지번) 황금동 780,35.84475276,128.6239805,황금2동,
플리트비체,대구 수성구 동대구로 209 3층,(지번) 황금동 676-2,35.84914513,128.6243589,황금2동,
핸즈커피 황금점,대구 수성구 동대구로 120,(지번) 황금동 543-7,35.84097105,128.6250188,황금2동,
갓샐러드 황금점,대구 수성구 청수로25길 50,(지번) 황금동 864-2,35.84106935,128.6206098,황금2동,
온니두 박물관점,대구 수성구 청호로57길 18-6,(지번) 황금동 93-1,35.84408028,128.6382412,황금1동,
더미소짓다,대구 수성구 청수로25길 48-11,(지번) 황금동 867-3,35.84174681,128.6206043,황금2동,
커피사주는남자,대구 수성구 청호로 235-14 3층,(지번) 황금동 349-1,35.8380251,128.6392035,황금1동,
이디야커피 대구황금롯데캐슬점,대구 수성구 청수로45길 37,(지번) 황금동 428-17,35.84220995,128.6324361,황금1동,
매스커피 황금점,대구 수성구 들안로32길 13 1층,(지번) 황금동 810-6,35.84455669,128.6176473,황금2동,
몬스터커피 황금점,대구 수성구 청솔로12길 40,(지번) 황금동 705-1,35.85004451,128.6229223,황금2동,
블루밍커피,대구 수성구 청호로67길 78 1층,(지번) 황금동 130-8,35.84802059,128.6356834,황금1동,
요거트월드 대구수성점,대구 수성구 희망로36길 12,(지번) 황금동 767-7,35.84600685,128.6181927,황금2동,
카페봄봄 황금캐슬점,대구 수성구 청수로45길 32,(지번) 황금동 366-1,35.84201645,128.632995,황금1동,
카파비바,대구 수성구 청솔로2길 52 102호,(지번) 황금동 688-1,35.84692115,128.6230829,황금2동,
로스팅스튜디오799,대구 수성구 들안로32길 63,(지번) 황금동 799-9,35.8443497,128.6204085,황금2동,
팔공티 대구황금점,대구 수성구 동대구로 115 황금비즈니스센타 1층,(지번) 황금동 847-1,35.84061102,128.6235269,황금2동,
사피디뜨,대구 수성구 청호로 301,(지번) 황금동 75,35.84434246,128.6386088,황금1동,
시베리안빙수킹&카페 황금점,대구 수성구 희망로36길 113 1층,(지번) 황금동 785-4,35.84520856,128.6234805,황금2동,
꽃차랑,대구 수성구 청호로46길 17 우방신천지타운상가,(지번) 황금동 272,35.83897539,128.6413922,황금1동,
설렘커피 본점,대구 수성구 청솔로 46 1층,(지번) 황금동 707-1,35.85054979,128.6207459,황금2동,
쌍도커피,대구 수성구 청수로 256-3,(지번) 황금동 194,35.84018196,128.6365279,황금1동,
카페 아틀란,대구 수성구 희망로 229 1층,(지번) 황금동 690-12,35.84644528,128.624048,황금2동,
카페 담,대구 수성구 청솔로 6,(지번) 황금동 761-27,35.84696323,128.6204458,황금2동,
커피홀릭,대구 수성구 희망로36길 126,(지번) 황금동 794-18,35.84456417,128.6231856,황금2동,
디마카롱,대구 수성구 청수로 272 1층,(지번) 황금동 205-1,35.84037096,128.6374449,황금1동,
마니,대구 수성구 동대구로38안길 11-14,(지번) 황금동 656-4,35.84843856,128.6258368,황금2동,
공원옆상점,대구 수성구 청수로25길 110-5 1층,(지번) 황금동 880-5,35.84166074,128.6181919,황금2동,
에이치티 대구황금동점,대구 수성구 청수로31길 13,(지번) 황금동 567-10,35.84027189,128.6254824,황금2동,
요거트아이스크림의정석 황금점,대구 수성구 들안로32길 56-23 1층,(지번) 황금동 829-2,35.84286878,128.6200067,황금2동,
멜티드,대구 수성구 희망로 195,(지번) 황금동 760-18,35.84667766,128.6201656,황금2동,
엽전레스토랑,대구 수성구 희망로 206,(지번) 황금동 773-3,35.84604422,128.6213028,황금2동,
멜터스커피,대구 수성구 희망로36길 12 1층,(지번) 황금동 767-7,35.84600685,128.6181927,황금2동,
짙은,대구 수성구 청수로45길 38 2층,(지번) 황금동 428-16,35.84229744,128.6327822,황금1동,
유엠엠커피(UMMCOFFEE),대구 수성구 청솔로6길 15,(지번) 황금동 734-6,35.84866861,128.6212366,황금2동,
룰루블루,대구 수성구 희망로 196-1,(지번) 황금동 771-1,35.84627942,128.6202275,황금2동,
칠드런소사이어티,대구 수성구 청솔로2길 37,(지번) 황금동 691-3,35.8472391,128.6224673,황금2동,
보이고사,대구 수성구 청호로 345,(지번) 황금동 99-1,35.84745733,128.6367318,황금1동,
츄러스1500 황금점,대구 수성구 청수로 235 캐슬골드파크 종합상가 117호,(지번) 황금동 366,35.84144818,128.6334266,황금1동,
베이커86,대구 수성구 들안로28길 24 1층,(지번) 황금동 874-3,35.84264395,128.617886,황금2동,
미네르바의부엉이,대구 수성구 청수로45길 151-8,(지번) 황금동 968,35.84240657,128.6316674,황금1동,
카페캔즈,대구 수성구 들안로28길 24-6 1층,(지번) 황금동 874-10,35.84261718,128.6182614,황금2동,
마망카페 대구점,대구 수성구 들안로40길 13,(지번) 황금동 752-9,35.8481867,128.6176388,황금2동,
카페관심,대구 수성구 청수로45길 149,(지번) 황금동 966,35.8427024,128.630926,황금1동,
스틸인더무드,대구 수성구 들안로32길 70,(지번) 황금동 830-29,35.8441397,128.6207989,황금2동,
윤슬커피,대구 수성구 들안로28길 24-43 1층,(지번) 황금동 829-31,35.84267783,128.6202805,황금2동,
커피&티하우스,대구 수성구 청솔로 25,(지번) 황금동 729-9,35.84884008,128.6203432,황금2동,
마을카페,대구 수성구 청호로69길 67,(지번) 황금동 114-40,35.84942721,128.6357671,황금1동,
행복한커피,대구 수성구 동대구로38길 17,(지번) 황금동 642-31,35.84758097,128.6261347,황금2동,
아델라인 황금점,대구 수성구 희망로36길 8 1층,(지번) 황금동 766-4,35.84628943,128.6181877,황금2동,
슬립리스인시애틀 롯데캐슬황금점,대구 수성구 청수로 261 캐슬골드파크 상가 1208동 126호,(지번) 황금동 368,35.84100295,128.6364977,황금1동,
블루카페,대구 수성구 희망로36길 125,(지번) 황금동 784,35.84461565,128.6234439,황금2동,
커피&크리에이터스,대구 수성구 동대구로38길 37,(지번) 황금동 642-42,35.84781766,128.6266697,황금2동,
눈에꽃,대구 수성구 청수로 117,(지번) 황금동 891-8,35.84052336,128.621043,황금2동,
황금점핑&찜질카페,대구 수성구 청수로 256-1 2층,(지번) 황금동 194-4,35.84038108,128.6361659,황금1동,
카페조쿤,대구 수성구 청호로46길 16 1층,(지번) 황금동 282,35.83830586,128.6428476,황금1동,
마냥마냥,대구 수성구 동대구로 149 코아시스아파트 1층 112호,(지번) 황금동 843-1,35.84371703,128.6239175,황금2동,
스탠바이미 황금점,대구 수성구 들안로32길 70,(지번) 황금동 830-29,35.8441397,128.6207989,황금2동,
카와올라,대구 수성구 청수로 258,(지번) 황금동 194-4,35.84049739,128.6360817,황금1동,
우리다원,대구 수성구 희망로 184,(지번) 황금동 768-3,35.84637915,128.6188859,황금2동,
님에게,대구 수성구 청솔로 42,(지번) 황금동 707-20,35.85033284,128.6207294,황금2동,
위카페,대구 수성구 청수로25길 14,(지번) 황금동 849-1,35.84062647,128.6226371,황금2동,
바질커피,대구 수성구 청호로 322,(지번) 황금동 64-2,35.84594875,128.6391429,황금1동,
설렘카페,대구 수성구 청솔로 46,(지번) 황금동 707-1,35.85054979,128.6207459,황금2동,
모란이피기까지,대구 수성구 동대구로45길 11 1층,(지번) 황금동 672-1,35.8503412,128.6241137,황금2동,
카페관심 롯데캐슬황금점,대구 수성구 청수로 235 상가 1층 109호,(지번) 황금동 366,35.84144818,128.6334266,황금1동,
정인카페라이브,대구 수성구 들안로32길 109 2층,(지번) 황금동 796-8,35.84423388,128.6230071,황금2동,
카페다온,대구 수성구 동대구로42길 12,(지번) 황금동 653-1,35.84922653,128.6258959,황금2동,
하드캔디커피,대구 수성구 들안로28길 78-16 1층,(지번) 황금동 808-4,35.84503008,128.6190306,황금2동,
블랑,대구 수성구 청호로69길 71,(지번) 황금동 114-4,35.84956393,128.6358055,황금1동,
인스토리,대구 수성구 동대구로 146,(지번) 황금동 607-2,35.84282351,128.6250535,황금2동,
꼬팽,대구 수성구 청호로 229,(지번) 황금동 254-1,35.83827319,128.6396384,황금1동,
마마91,대구 수성구 동대구로 149,(지번) 황금동 843-1,35.84371703,128.6239175,황금2동,
단디,대구 수성구 희망로36길 121,(지번) 황금동 784-5,35.84476369,128.6234587,황금2동,
미세스스위츠,대구 수성구 청수로 133,(지번) 황금동 848-2,35.84036597,128.6229161,황금2동,
카페청솔로9,대구 수성구 청수로 133 JM타워 1층 107호,(지번) 황금동 848-2,35.84036597,128.6229161,황금2동,
잇츠,대구 수성구 들안로32길 33,(지번) 황금동 809-16,35.8444751,128.6186872,황금2동,
향,대구 수성구 청수로25길 14,(지번) 황금동 849-1,35.84062647,128.6226371,황금2동,
퍼플립스커피,대구 수성구 동대구로 201-3 1층,(지번) 황금동 682-4,35.84820107,128.6242411,황금2동,
인생카페오구오구,대구 수성구 들안로32길 70 1층,(지번) 황금동 830-29,35.8441397,128.6207989,황금2동,
쉼플,대구 수성구 청수로 235 캐슬골드 종합상가 3층 305호,(지번) 황금동 366,35.84144818,128.6334266,황금1동,
처음,대구 수성구 희망로 172,(지번) 황금동 766-1,35.84649398,128.6175395,황금2동,
갤러리이후,대구 수성구 동대구로38안길 16,(지번) 황금동 642-21,35.84815598,128.6261951,범어1동,
쌀로베이킹,대구 수성구 들안로28길 78-16 1층 102호,(지번) 황금동 808-4,35.84503008,128.6190306,황금2동,
르셀,대구 수성구 들안로28길 24,(지번) 황금동 874-3,35.84264395,128.617886,황금2동,
룰리커피,대구 수성구 고모로 188,(지번) 고모동 333-1,35.85674633,128.6797202,고산2동,
산너머그집꿀,대구 수성구 팔현길 128,(지번) 고모동 87-1,35.86937325,128.6667386,고산2동,
시지본,대구 수성구 노변로 79,(지번) 노변동 120-2,35.83880596,128.6997782,고산2동,
투썸플레이스 수성알파시티점,대구 수성구 알파시티2로 95 2층 201호,(지번) 노변동 739,35.83576809,128.6970924,고산2동,
웜톤커피,대구 수성구 노변공원로 55 2층,(지번) 노변동 165,35.83711393,128.6983361,고산2동,
플라림비,대구 수성구 노변로 101-1 1층,(지번) 노변동 15-4,35.8404645,128.7006949,고산2동,
꽁트,대구 수성구 노변공원로 89,(지번) 노변동 447-2,35.83419115,128.6982885,고산2동,
뜨락,대구 수성구 노변공원로7길 11-10,(지번) 노변동 119-1,35.83862179,128.6996493,고산2동,
아울스튜디오,대구 수성구 알파시티2로 73 1층,(지번) 노변동 737-15,35.83681695,128.6949902,고산2동,
브라운커피,대구 수성구 노변로 55 수성월드메르디앙아파트 상가 C동 101호,(지번) 노변동 353,35.83511885,128.6992141,고산2동,
올웨이즈카페,대구 수성구 알파시티2로 69 1층,(지번) 노변동 737-17,35.83701118,128.6947639,고산2동,
페일블루닷,대구 수성구 시지로14길 20 1층 102호,(지번) 노변동 737-3,35.83720464,128.6948479,고산2동,
AlwaysCafe,대구 수성구 알파시티2로 69 1층,(지번) 노변동 737-17,35.83701118,128.6947639,고산2동,
카페위 대구녹색학습원점,대구 수성구 달구벌대로 3170 대구농업마이스터고등학교,(지번) 노변동 358,35.8357803,128.7007091,고산2동,
설담재,대구 수성구 노변공원로7길 6-26,(지번) 노변동 338,35.83538727,128.6983553,고산2동,
카페블리스,대구 수성구 노변로 91,(지번) 노변동 122-1,35.83990364,128.6998603,고산2동,
동행,대구 수성구 노변로 11,(지번) 노변동 440,35.83296622,128.6985452,고산2동,
우즈베이커리카페 수성호수점,대구 수성구 수성못6길 3,(지번) 두산동 626-2,35.8275611,128.622428,두산동,
카페포켓,대구 수성구 수성못길 20,(지번) 두산동 653-8,35.8266358,128.6222401,두산동,
스타벅스 대구수성호수R점,대구 수성구 용학로 56,(지번) 두산동 911-5,35.8261024,128.6158266,두산동,
낫온리커피어반델리,대구 수성구 용학로 106-7,(지번) 두산동 888-2,35.82409684,128.6184092,두산동,
스타벅스 수성레이크점,대구 수성구 수성못길 4,(지번) 두산동 840-1,35.82569546,128.6217126,두산동,
텀트리프로젝트,대구 수성구 용학로 138 2층,(지번) 두산동 746,35.82359293,128.6241461,두산동,
목련양과,대구 수성구 들안로8길 29 1층,(지번) 두산동 137-14,35.83412641,128.6176595,두산동,
부바스,대구 수성구 무학로 152,(지번) 두산동 301-2,35.82989579,128.6251471,두산동,
팜테이블 수성못점,대구 수성구 용학로 115 2동 1층,(지번) 두산동 690,35.82509497,128.6225507,두산동,
핸즈커피 수성못점,대구 수성구 용학로 106-5 1층,(지번) 두산동 856-3,35.82476221,128.6207989,두산동,
투썸플레이스 대구두산동DT점,대구 수성구 무학로 121,(지번) 두산동 205-5,35.83027186,128.6218575,두산동,
엔제리너스 아일랜드점,대구 수성구 용학로 76,(지번) 두산동 902-5,35.82605002,128.6179647,두산동,
디저트39 대구수성못점,대구 수성구 수성못길 18,(지번) 두산동 657-3,35.82651848,128.6221996,두산동,
반미콩 수성못점,대구 수성구 수성못6길 20-10,(지번) 두산동 710,35.82665656,128.6243457,두산동,
설빙 수성못점,대구 수성구 수성못2길 53 2층,(지번) 두산동 665,35.82644767,128.6230187,두산동,
스타벅스 수성리더스점,대구 수성구 동대구로 95,(지번) 두산동 113,35.83791331,128.6226837,두산동,
푸댕,대구 수성구 지범로 11,(지번) 두산동 954-85,35.82917752,128.6241316,두산동,
고바슨,대구 수성구 용학로 92-4 수성스퀘어 1층,(지번) 두산동 863-3,35.82524681,128.6201468,두산동,
파스쿠찌 대구황금점,대구 수성구 청수로 130,(지번) 두산동 94-2,35.83961885,128.622361,두산동,
핸즈커피 들안길점,대구 수성구 무학로 103 1,(지번) 두산동 177-8,35.8303074,128.619916,두산동,
할리스 대구수성못점,대구 수성구 용학로 115,(지번) 두산동 690,35.82509497,128.6225507,두산동,
아트플렉스,대구 수성구 용학로 92-4 수성스퀘어 1층 106호,(지번) 두산동 863-2,35.82524681,128.6201468,두산동,
커피명가 어나더 랩,대구 수성구 용학로 92-4 수성스퀘어 1층,(지번) 두산동 863-2,35.82524681,128.6201468,두산동,
스타벅스 대구두산DT,대구 수성구 지범로 37,(지번) 두산동 728,35.8273716,128.625788,두산동,
1997빠리커피&브레드,대구 수성구 용학로 84,(지번) 두산동 899-13,35.8259018,128.619174,두산동,
하삼동커피 대구두산점,대구 수성구 청수로26길 36 한성스퀘어 1층,(지번) 두산동 99,35.83811209,128.622077,두산동,
파스쿠찌 대구수성유원지점,대구 수성구 수성못길 28,(지번) 두산동 652-3,35.82724068,128.6222913,두산동,
핸썸커피,대구 수성구 들안로 36,(지번) 두산동 152-3,35.83296976,128.6172269,두산동,
탐앤탐스 대구들안길점,대구 수성구 들안로 10,(지번) 두산동 172-6,35.8307053,128.617136,두산동,
읍천리382 두산점,대구 수성구 청수로24길 64,(지번) 두산동 44-13,35.83699186,128.6208831,두산동,
탐앤탐스 대구수성못호반점,대구 수성구 용학로 45 2,(지번) 두산동 926-3,35.8263494,128.614701,두산동,
메가MGC커피 대구황금점,대구 수성구 청수로26길 36 한성스퀘어 1층,(지번) 두산동 99,35.83811209,128.622077,두산동,
헬로72번가,대구 수성구 용학로 62 지하1층,(지번) 두산동 909-5,35.82611713,128.6166146,두산동,
레이지모닝 수성아리아나호텔점,대구 수성구 동대구로 27 1층,(지번) 두산동 200-1,35.83269033,128.6228935,두산동,
이디야커피 수성못점,대구 수성구 수성못길 10,(지번) 두산동 656-2,35.8261419,128.622089,두산동,
카페봄봄 수성못점,대구 수성구 수성못길 24,(지번) 두산동 산 653-4,35.82696913,128.6223138,두산동,
케이지,대구 수성구 수성못2길 43,(지번) 두산동 670-3,35.8265162,128.6235292,두산동,
재재콤마,대구 수성구 지범로1길 5 1층,(지번) 두산동 307,35.82933936,128.6246522,두산동,
카페봄봄 두산점,대구 수성구 동대구로 13 광평빌딩 1층 101호,(지번) 두산동 207-4,35.8315622,128.6227593,두산동,
굴리아카페 수성못점,대구 수성구 들안로2길 10,(지번) 두산동 171-1,35.831351,128.6175102,두산동,
오유이,대구 수성구 들안로16길 23,(지번) 두산동 34-9,35.83729935,128.6176523,두산동,
더벤티 대구두산점,대구 수성구 청수로26길 36 한성스퀘어 1층 113호,(지번) 두산동 99,35.83811209,128.622077,두산동,
공주다육카페,대구 수성구 무학로21길 18,(지번) 두산동 178-12,35.83086722,128.620737,두산동,
마시그래이 두산점,대구 수성구 상화로 140,(지번) 두산동 124-5,35.83526383,128.622292,두산동,
프레키베이키,대구 수성구 상화로 128 1층,(지번) 두산동 132-3,35.83517488,128.6211036,두산동,
윤선갤러리,대구 수성구 용학로 92-4 수성스퀘어 1층,(지번) 두산동 863-3,35.82524681,128.6201468,두산동,
예가체프앤빙,대구 수성구 들안로 22,(지번) 두산동 153-4,35.83183341,128.6172672,두산동,
웰스프링,대구 수성구 용학로28길 8,(지번) 두산동 789,35.82201822,128.624143,두산동,
펫타임,대구 수성구 용학로 82,(지번) 두산동 899-9,35.82605394,128.61845,두산동,
핑퐁커피 두산점,대구 수성구 상화로 98 1층 102호,(지번) 두산동 137-24,35.83495612,128.617651,두산동,
커피왕 두산점,대구 수성구 동대구로3길 38 1층,(지번) 두산동 186-7,35.83208798,128.6209862,두산동,
아비아채,대구 수성구 수성못길 24 3층,(지번) 두산동 653-4,35.82696913,128.6223138,두산동,
카페보스 대구두산점,대구 수성구 무학로23길 108 1층,(지번) 두산동 124-4,35.83501125,128.622278,두산동,
청솔로9 두산점,대구 수성구 동대구로 9 103호,(지번) 두산동 207-2,35.83119128,128.6227395,두산동,
추억스케치,대구 수성구 수성못2길 55-2 지하,(지번) 두산동 664,35.82623942,128.6225445,두산동,
카페두다트 대구수성못점,대구 수성구 수성못6길 10,(지번) 두산동 669-1,35.82708759,128.6230643,두산동,
레프트뱅크 황금점,대구 수성구 동대구로 95 수성SK리더스뷰 108동 1층 609호,(지번) 두산동 113,35.83791331,128.6226837,두산동,
커피커뮤니티,대구 수성구 들안로16길 17 1층,(지번) 두산동 34-11,35.83697595,128.6176506,두산동,
몬스터커피 두산점,대구 수성구 청수로24길 59,(지번) 두산동 87-5,35.83726797,128.621424,두산동,
흐름디저트바,대구 수성구 들안로16길 81 1층,(지번) 두산동 11-13,35.83951151,128.6183524,두산동,
더포켓,대구 수성구 수성못2길 55,(지번) 두산동 657-1,35.82653923,128.6224646,두산동,
빌라데스테,대구 수성구 수성못6길 9 2층,(지번) 두산동 623,35.82761415,128.6232891,두산동,
블루문앤코카페,대구 수성구 용학로 62,(지번) 두산동 909-5,35.82611713,128.6166146,두산동,
마가렛루멘,대구 수성구 청수로20길 47 1층,(지번) 두산동 18-15,35.83933378,128.6208612,두산동,
뮤즈,대구 수성구 수성못2길 27,(지번) 두산동 704,35.82587136,128.624061,두산동,
키치드로우,대구 수성구 수성못2길 23 지하1층,(지번) 두산동 702,35.82548136,128.6236668,두산동,
셀프바리스타 황금점,대구 수성구 청수로 108,(지번) 두산동 13,35.83979983,128.6198272,두산동,
24H판다,대구 수성구 상화로 121-1 1층,(지번) 두산동 77-4,35.83540582,128.6204846,두산동,
차마고도,대구 수성구 상화로 106,(지번) 두산동 135-2,35.83491248,128.6186833,두산동,
몰타,대구 수성구 상화로 132,(지번) 두산동 125-4,35.83522777,128.6215787,두산동,
카페제이제이,대구 수성구 동대구로3길 42,(지번) 두산동 186-1,35.83208355,128.6208066,두산동,
커피명가수성못어너더랩에이엔오더알더블유알에이피,대구 수성구 용학로 106-7,(지번) 두산동 888-2,35.82409684,128.6184092,두산동,
어라운드크림,대구 수성구 용학로28길 6-4 1층,(지번) 두산동 746-6,35.82325112,128.6245065,두산동,
미지로,대구 수성구 용학로25안길 5 1층 101호,(지번) 두산동 743-13,35.82429845,128.6251179,두산동,
사주인카페,대구 수성구 무학로21안길 96 1층,(지번) 두산동 144-4,35.834284,128.6202231,두산동,
커피50210,대구 수성구 무학로17길 40 1층,(지번) 두산동 167-18,35.83126171,128.6178845,두산동,
코페아커피 대구트럼프점,대구 수성구 동대구로 59,(지번) 두산동 105,35.83584738,128.6225479,두산동,
더달빙&디저트,대구 수성구 무학로17길 35,(지번) 두산동 171-9,35.83107418,128.6176703,두산동,
커피왕,대구 수성구 수성못길 6,(지번) 두산동 655-3,35.82590616,128.6219652,두산동,
디저트부티크엠,대구 수성구 들안로18길 14 1층,(지번) 두산동 54,35.8373296,128.6186111,두산동,
카페투인,대구 수성구 지범로 41-6,(지번) 두산동 739,35.8271869,128.6263364,두산동,
마라앤틱,대구 수성구 들안로20길 50-1,(지번) 두산동 40-13,35.8378492,128.6205234,두산동,
짹슨커피,대구 수성구 무학로21길 15,(지번) 두산동 163-11,35.83079643,128.6204203,두산동,
타로홀릭,대구 수성구 상화로 128,(지번) 두산동 132-3,35.83517488,128.6211036,두산동,
까페그릿,대구 수성구 무학로23길 67,(지번) 두산동 190-4,35.83325091,128.6218335,두산동,
키토카페,대구 수성구 청수로24길 38,(지번) 두산동 19-11,35.83817328,128.6210152,두산동,
티러브,대구 수성구 동대구로 95 수성SK리더스뷰상가 1층,(지번) 두산동 113,35.83791331,128.6226837,두산동,
카페라고,대구 수성구 무학로 78,(지번) 두산동 433-2,35.8291364,128.6174264,두산동,
덴버,대구 수성구 상화로 119,(지번) 두산동 79-1,35.83539031,128.6202177,두산동,
청담,대구 수성구 지범로 61-4,(지번) 두산동 730,35.82767482,128.6266466,두산동,
마쉬블랑,대구 수성구 들안로18길 12 1층,(지번) 두산동 56-1,35.83733684,128.6184084,두산동,
빙스맘,대구 수성구 용학로 94,(지번) 두산동 882-7,35.82563458,128.6200928,두산동,
하즐커피,대구 수성구 들안로8길 66,(지번) 두산동 139-7,35.83447715,128.6193515,두산동,
카페 아리아나,대구 수성구 동대구로 27 아리아나호텔 내,(지번) 두산동 200-1,35.83269033,128.6228935,두산동,
요토피아,대구 수성구 들안로2안길 19-10,(지번) 두산동 158-3,35.83240835,128.6190398,두산동,
미스터디저트,대구 수성구 수성못길 6,(지번) 두산동 662-3,35.82590616,128.6219652,두산동,
퀴토,대구 수성구 청수로24길 38,(지번) 두산동 19-11,35.83817328,128.6210152,두산동,
카페파크에비뉴,대구 수성구 들안로14길 65-20,(지번) 두산동 44-1,35.83701035,128.620688,두산동,
커피매거진,대구 수성구 들안로18길 14,(지번) 두산동 54,35.8373296,128.6186111,두산동,
까페100,대구 수성구 무학로21길 100,(지번) 두산동 131-7,35.83454223,128.6210473,두산동,
유니드커피,대구 수성구 상화로 112 1층,(지번) 두산동 135-1,35.83508,128.6191787,두산동,
글래드,대구 수성구 들안로16길 23 1층,(지번) 두산동 34-12,35.83729935,128.6176523,두산동,
카페마르엔틱,대구 수성구 들안로20길 50-1 1층,(지번) 두산동 40-13,35.8378492,128.6205234,두산동,
오서하,대구 수성구 무학로21길 15,(지번) 두산동 163-11,35.83079643,128.6204203,두산동,
차마을다향,대구 수성구 청수로24길 36,(지번) 두산동 19-16,35.83834146,128.6210867,두산동,
제이블리,대구 수성구 용학로28길 6-4,(지번) 두산동 746-6,35.82325112,128.6245065,두산동,
휴,대구 수성구 무학로23길 94,(지번) 두산동 124-9,35.83432662,128.622207,두산동,
오아이오아이,대구 수성구 수성못6길 15,(지번) 두산동 621,35.82757732,128.6235142,두산동,
콜렉트,대구 수성구 들안로16길 17,(지번) 두산동 34-11,35.83697595,128.6176506,두산동,
IL까페,대구 수성구 동대구로 59,(지번) 두산동 105,35.83584738,128.6225479,두산동,
가오커피,대구 수성구 수성못2길 37-5,(지번) 두산동 706-2,35.82598897,128.6234604,두산동,
VIP커피,대구 수성구 무학로17길 40 1층,(지번) 두산동 167-18,35.83126171,128.6178845,두산동,
펍까페,대구 수성구 무학로23길 67,(지번) 두산동 190,35.83325091,128.6218335,두산동,
mijiro,대구 수성구 용학로25안길 5,(지번) 두산동 743-13,35.82429845,128.6251179,두산동,
삼칠이,대구 수성구 지범로 12,(지번) 두산동 614-1,35.82877594,128.6235603,두산동,
제이투비,대구 수성구 수성못6길 10,(지번) 두산동 669-1,35.82708759,128.6230643,두산동,
아눅사월,대구 수성구 천을로 231 1,(지번) 매호동 573-1,35.843421,128.708955,고산3동,
바른생활고양이,대구 수성구 천을로 167-1,(지번) 매호동 994-6,35.84341762,128.7089483,고산3동,
이디야커피 대구신매역점,대구 수성구 달구벌대로 3179,(지번) 매호동 1344-21,35.84127758,128.7047269,고산3동,
인간미,대구 수성구 달구벌대로627길 14-11 1층,(지번) 매호동 1338-7,35.84250763,128.7020121,고산3동,
카페라라,대구 수성구 천을로 105-1,(지번) 매호동 1322,35.84456084,128.702465,고산3동,
아틀리에빈 매호점,대구 수성구 고산로 160-11,(지번) 매호동 977-1,35.84460261,128.7075226,고산3동,
엠테이블,대구 수성구 달구벌대로631길 7 1층,(지번) 매호동 1337-8,35.84225319,128.7031347,고산3동,
비싼커피,대구 수성구 천을로 155,(지번) 매호동 1328-14,35.84365443,128.7075546,고산3동,
엘아르카 티그리스점,대구 수성구 달구벌대로647길 24 1층,(지번) 매호동 616-2,35.84096983,128.7115537,고산3동,
슈가레이디,대구 수성구 고산로 160-17 1층,(지번) 매호동 976,35.84456668,128.7077106,고산3동,
노천사랑방 고산로점,대구 수성구 고산로 160-14 1층,(지번) 매호동 1326-4,35.84439281,128.7077199,고산3동,
하삼동 시지매호점,대구 수성구 천을로 170,(지번) 매호동 1075-1,35.84178601,128.7087982,고산3동,
마시그래이 시지점,대구 수성구 고산로 121 1층,(지번) 매호동 1344-19,35.84151023,128.704957,고산3동,
카페트리,대구 수성구 달구벌대로627길 5 1층,(지번) 매호동 1341,35.84239041,128.7008212,고산3동,
바빈스커피 대구매호점,대구 수성구 고산로 123 1-13동,(지번) 매호동 1331,35.8427636,128.704481,고산3동,
09264 커피갤러리,대구 수성구 천을로 173,(지번) 매호동 1058-2,35.84335371,128.7095388,고산3동,
바솜,대구 수성구 달구벌대로627길 21-13,(지번) 매호동 1339,35.84297831,128.7000382,고산3동,
빨대,대구 수성구 고산로 121-3,(지번) 매호동 1344,35.84161217,128.7048536,고산3동,
디어투,대구 수성구 달구벌대로641길 8 매호동서2차 상가,(지번) 매호동 1077-1,35.84133797,128.7083925,고산3동,
시레나,대구 수성구 달구벌대로 3165,(지번) 매호동 1344-4,35.84158214,128.7034959,고산3동,
카페고주,대구 수성구 천을로 147-6,(지번) 매호동 1327-17,35.84408208,128.7069033,고산3동,
나우커피 대구매호점,대구 수성구 달구벌대로641길 23,(지번) 매호동 1082-9,35.84236298,128.7080648,고산3동,
카페브라운,대구 수성구 천을로 233 2층,(지번) 매호동 572,35.84176089,128.7157325,고산3동,
카페블루,대구 수성구 천을로31길 7-14,(지번) 매호동 1326-15,35.84437815,128.7070202,고산3동,
만나,대구 수성구 달구벌대로641길 31 매호화성파크드림 상가 101호,(지번) 매호동 986-1,35.84288544,128.7077488,고산3동,
테라,대구 수성구 천을로31길 3-6,(지번) 매호동 1327-11,35.8439387,128.7078678,고산3동,
위라이크케이크,대구 수성구 천을로 167-1 1층 102호,(지번) 매호동 994-6,35.84341762,128.7089483,고산3동,
미미다방미미식당,대구 수성구 천을로31길 3,(지번) 매호동 1328-9,35.84368531,128.7081907,고산3동,
알레그리아,대구 수성구 천을로31길 7-15,(지번) 매호동 1327,35.84421099,128.7069318,고산3동,
행복한커피볶는집,대구 수성구 천을로 105-1,(지번) 매호동 1322,35.84456084,128.702465,고산3동,
라부아뜨엘,대구 수성구 지범로 248-6,(지번) 범물동 1374-14,35.81750836,128.6442412,범물2동,
스타벅스 동아수성점,대구 수성구 지범로 191 1층,(지번) 범물동 1273,35.82107224,128.6403608,범물1동,
투썸플레이스 대구범물점,대구 수성구 지범로52길 61,(지번) 범물동 652-2,35.8139114,128.644797,범물2동,
메숲,대구 수성구 지범로46길 13-1 1층,(지번) 범물동 476-6,35.81621832,128.6439621,범물2동,
코코몽 키즈랜드 동아백화점 수성점,대구 수성구 지범로 191 8층,(지번) 범물동 1273,35.82107224,128.6403608,범물1동,
에녹커피클레식,대구 수성구 지범로46길 17,(지번) 범물동 485,35.81609399,128.6435647,범물2동,
카페헤이닷,대구 수성구 지범로48길 21 수성하늘채르레브아파트 상가 302동,(지번) 범물동 1397,35.81505576,128.6442516,범물2동,
하이나우,대구 수성구 진밭길 411-12,(지번) 범물동 1128,35.7988043,128.6726325,범물1동,
카페마일드,대구 수성구 지범로39길 11-3 1층,(지번) 범물동 1275-3,35.82053748,128.6416826,범물1동,
선향찻집,대구 수성구 지범로48길 28,(지번) 범물동 509-1,35.81496722,128.6432664,범물2동,
매스커피 범물역점,대구 수성구 지범로39길 11-9 1층,(지번) 범물동 1275,35.82083757,128.6411609,범물1동,
디플랫,대구 수성구 범안로3길 11,(지번) 범물동 1350-7,35.81793959,128.6396482,범물2동,
지유명차 대구지산범물점,대구 수성구 지범로46길 48 1층,(지번) 범물동 1387-5,35.81402347,128.6417153,범물2동,
만랩커피 대구수성범물점,대구 수성구 지범로48길 21 수성하늘채르레브 상가 302동 113호,(지번) 범물동 747,35.81505576,128.6442516,범물2동,
브릴란테타타,대구 수성구 지범로 248-12,(지번) 범물동 1374-10,35.8174646,128.6438829,범물2동,
카페개울목139,대구 수성구 진밭길 139,(지번) 범물동 961,35.81532484,128.6628907,범물1동,
내가디저트,대구 수성구 범안로3길 29 1층,(지번) 범물동 1350,35.81839042,128.6388825,범물2동,
피어오르,대구 수성구 범안로 56 2층,(지번) 범물동 1374-3,35.81759266,128.6439021,범물2동,
몬스터커피 범물점,대구 수성구 지범로48길 21 수성하늘채르레브아파트 302동 지하2층 116호,(지번) 범물동 1397,35.81505576,128.6442516,범물2동,
커피베이 대구범물점,대구 수성구 용학로 272 A동 1층,(지번) 범물동 1336,35.82049849,128.6393834,범물2동,
카페3.0,대구 수성구 지범로 200,(지번) 범물동 1330,35.82022752,128.6406508,범물2동,
카페공깨비,대구 수성구 지범로39길 21-3,(지번) 범물동 1277-3,35.8209218,128.6420006,범물1동,
엘리먼트비,대구 수성구 지범로52길 86,(지번) 범물동 700,35.8143899,128.643413,범물2동,
콤포티에,대구 수성구 지범로39길 21-7 1층 101호,(지번) 범물동 1277-1,35.82112547,128.641676,범물1동,
카페봄봄 대구 용지점,대구 수성구 지범로 252 1층,(지번) 범물동 455-3,35.81733828,128.644797,범물2동,
K&S,대구 수성구 범안로3길 63,(지번) 범물동 1338,35.81929832,128.6374683,범물2동,
그라운드플로어,대구 수성구 범안로2길 3-13 1층,(지번) 범물동 1362-17,35.81686578,128.6393914,범물2동,
카페아미,대구 수성구 지범로 289,(지번) 범물동 1306-12,35.81550976,128.6482505,범물1동,
빈이커피 범물점,대구 수성구 지범로 247 1층,(지번) 범물동 1321-8,35.81764008,128.645211,범물1동,
esc 범물점,대구 수성구 지범로39길 21-9 1층,(지번) 범물동 1277,35.82123048,128.6414963,범물1동,
멜팅유,대구 수성구 지범로48길 20,(지번) 범물동 494,35.8156219,128.643604,범물2동,
하바나,대구 수성구 지범로39길 21-7,(지번) 범물동 1277-1,35.82112547,128.641676,범물1동,
보임예다원,대구 수성구 범안로4길 66,(지번) 범물동 1393-8,35.81426418,128.6405397,범물2동,
까페앨리스,대구 수성구 지범로 287,(지번) 범물동 1306-14,35.81561554,128.6480151,범물1동,
말카커피,대구 수성구 지범로46길 19 1층,(지번) 범물동 484,35.81595947,128.6434507,범물2동,
피쉬마운트 범물점,대구 수성구 지범로40길 6 신화에덴아파트 상가동 111호,(지번) 범물동 1332,35.81883747,128.639518,범물2동,
범물다방,대구 수성구 범안로 82,(지번) 범물동 1292-1,35.81798031,128.6467139,범물1동,
나주커피,대구 수성구 지범로39길 11,(지번) 범물동 1275-4,35.82036914,128.6419271,범물1동,
디오커피&잉크,대구 수성구 지범로 290,(지번) 범물동 670,35.81519666,128.6478925,범물2동,
블랙빈101,대구 수성구 범안로16길 58,(지번) 범물동 1308-9,35.81587956,128.6477996,범물1동,
영자클럽 대구범물점,대구 수성구 지범로39길 11-9,(지번) 범물동 1275,35.82083757,128.6411609,범물1동,
디데이492,대구 수성구 지범로48길 20,(지번) 범물동 492-1,35.81560353,128.6436016,범물2동,
듀오커피,대구 수성구 지범로 290,(지번) 범물동 670,35.81519666,128.6478925,범물2동,
트리오브헤븐,대구 수성구 지범로48길 28,(지번) 범물동 509-1,35.81496722,128.6432664,범물2동,
다방공방,대구 수성구 지범로 279-1,(지번) 범물동 1308-13,35.81590467,128.6473875,범물1동,
커피온리 동아백화점수성점,대구 수성구 지범로 191 지하 1층,(지번) 범물동 1273,35.82107224,128.6403608,범물1동,
예쁜하루디저트카페,대구 수성구 지범로46길 9 1층,(지번) 범물동 465,35.8169378,128.6443561,범물2동,
카페프랑세(cafe francais),대구 수성구 지범로46길 29,(지번) 범물동 500,35.81545917,128.6430743,범물2동,
공부인,대구 수성구 지범로 203,(지번) 범물동 1275-6,35.82040835,128.6413393,범물1동,
카페 로사,대구 수성구 범안로 40,(지번) 범물동 1372,35.81709278,128.6407184,범물2동,
카페소소,대구 수성구 지범로40길 6,(지번) 범물동 1332,35.81883747,128.639518,범물2동,
머그커피하우스,대구 수성구 범안로 54,(지번) 범물동 1374-2,35.81756189,128.6436546,범물2동,
마이웨이라이브7080,대구 수성구 지범로 251,(지번) 범물동 1319-1,35.81734775,128.6452964,범물1동,
마이하우스,대구 수성구 범안로3길 23,(지번) 범물동 1350-2,35.81825708,128.6390985,범물2동,
스완네,대구 수성구 동대구로80길 73 영업중,(지번) 범어동 131-7,35.86594471,128.6311567,범어2동,
아눅베이커스,대구 수성구 동대구로58길 15,(지번) 범어동 592-7,35.85628928,128.6267299,범어1동,
슬로우라이프,대구 수성구 동대구로77길 33-4 1,(지번) 범어동 24-3,35.8644255,128.624599,범어3동,
디스커버리커피로스터스,대구 수성구 달구벌대로495길 10,(지번) 범어동 168-5,:35.8594976,128.634391,범어2동,
올글래드,대구 수성구 달구벌대로492길 43 1층,(지번) 범어동 204-7,35.85724089,128.6350132,범어4동,
스타벅스 대구그랜드호텔R,대구 수성구 동대구로 305,(지번) 범어동 562-8,35.85767615,128.6249847,범어1동,
커피맛을조금아는남자 로스팅허브 피크점,대구 수성구 범어천로 69 1층,(지번) 범어동 805-116,35.85303111,128.6232063,범어1동,
히스,대구 수성구 청호로85길 9 1층,(지번) 범어동 81-1,35.85519846,128.6390924,범어4동,
인커먼,대구 수성구 범어로24길 26,(지번) 범어동 224-9,35.85964731,128.6373535,범어2동,
무화커피,대구 수성구 국채보상로186길 81 2층,(지번) 범어동 136-9,35.86469187,128.6341786,범어2동,
커피튜드,대구 수성구 동대구로73길 22-4,(지번) 범어동 18-7,35.86331239,128.6254336,범어3동,
가로장,대구 수성구 상록로 21-30,(지번) 범어동 481-12,35.86155778,128.6229205,범어3동,
바비네카페,대구 수성구 동대구로 358-26,(지번) 범어동 175-5,35.86175101,128.6291896,범어2동,
스타벅스 대구범어제니스점,대구 수성구 달구벌대로 2435 두산위브 더제니스상가1층110호,(지번) 범어동 179,35.86098925,128.628268,범어2동,
설빙 대구범어점,대구 수성구 달구벌대로480길 29 2층,(지번) 범어동 547-69,35.85851644,128.6234539,범어1동,
사운즈커피미니,대구 수성구 달구벌대로492길 47-6,(지번) 범어동 204-23,35.85756522,128.635476,범어4동,
코드이스케이프 대구본점,대구 수성구 달구벌대로 2552 2층,(지번) 범어동 217-6,35.85853858,128.6417222,범어4동,
라우스터프,대구 수성구 달구벌대로489길 77,(지번) 범어동 152-9,35.85980637,128.634309,범어2동,
오크커피,대구 수성구 달구벌대로496길 11 sj빌딩 1층,(지번) 범어동 203-24,35.85759954,128.6343049,범어4동,
설빙 대구신천점,대구 수성구 범어천로 200 범어월드메르디앙 웨스턴카운티 상가 2층,(지번) 범어동 966-1,35.86367828,128.6206293,범어3동,
브리니 범어,대구 수성구 국채보상로186길 71 1동 1층,(지번) 범어동 136-56,35.86512104,128.6338238,범어2동,
아띠랑스,대구 수성구 상록로 37,(지번) 범어동 479-41,35.86273308,128.6237852,범어3동,
잎새달닷새,대구 수성구 명덕로 494-7,(지번) 범어동 774-120,35.85310714,128.6242621,범어1동,
시공커피,대구 수성구 범어로16길 5 1층,(지번) 범어동 271-3,35.85607333,128.6358965,범어4동,
세라젬웰카페 대구수성직영점,대구 수성구 달구벌대로 2381 1층,(지번) 범어동 558-13,35.85965311,128.6230626,범어3동,
갓샐러드 범어점,대구 수성구 범어로 120,(지번) 범어동 225-7,35.86016066,128.6358812,범어2동,
가장낭만적인위로 데이데이,대구 수성구 청호로85안길 33 1층,(지번) 범어동 65-91,35.85650863,128.6401953,범어4동,
투썸플레이스 대구범어점,대구 수성구 명덕로 476,(지번) 범어동 805-373,35.85366909,128.6220879,범어1동,
제이콥아츠,대구 수성구 범어천로 90 범어성당 1층,(지번) 범어동 782-2,35.85670253,128.6229937,범어1동,
카페동네 범어점,대구 수성구 상록로2길 66,(지번) 범어동 32-6,35.8624659,128.625485,범어3동,
네시앙,대구 수성구 동대구로 394,(지번) 범어동 45-2,35.8655468,128.627552,범어2동,
할리스 범어천로점,대구 수성구 범어천로 200 월드메르디앙 상가 401동 102,(지번) 범어동 966-1,35.86367828,128.6206293,범어3동,
페즈커피 대구점,대구 수성구 범어로16길 18-15 1층,(지번) 범어동 271-36,35.85547657,128.6365004,범어4동,
스타벅스 대구삼성화재점,대구 수성구 동대구로 401 1층,(지번) 범어동 2-2,35.86615603,128.6262387,범어3동,
공차 대구범어점,대구 수성구 동대구로 354,(지번) 범어동 175-1,35.86168024,128.6276033,범어2동,
마쥬,대구 수성구 청솔로 124-16 1층,(지번) 범어동 807-22,35.85684968,128.6213329,범어1동,
할리스 대구범어점,대구 수성구 범어천로 44,(지번) 범어동 722-1,35.8506944,128.623684,범어1동,
푸푸커피 범어점,대구 수성구 달구벌대로496길 19-11 1층,(지번) 범어동 140-3,35.85700414,128.6353124,범어4동,
밭,대구 수성구 달구벌대로488길 4 1층,(지번) 범어동 189-35,35.85822177,128.6295493,범어1동,
빽다방 대구범어역점,대구 수성구 달구벌대로 2396 1층,(지번) 범어동 561-3,35.85883918,128.6245436,범어1동,
바르미인터불고호텔 범어라운지,대구 수성구 달구벌대로 2418,(지번) 범어동 190-2,35.85827349,128.6270837,범어1동,
메가MGC커피 범어점,대구 수성구 달구벌대로480길 31,(지번) 범어동 549-14,35.85849601,128.6233721,범어1동,
기림갤러리,대구 수성구 동대구로42길 17,(지번) 범어동 677-6,35.84938011,128.6262664,범어1동,
백록다방,대구 수성구 범어로20길 23 1층,(지번) 범어동 207-19,35.85799932,128.6370486,범어4동,
포브(FOV),대구 수성구 달구벌대로495길 92,(지번) 범어동 145-1,35.8631119,128.6349009,범어2동,
파스쿠찌 대구범어역점,대구 수성구 달구벌대로 2382-1,(지번) 범어동 559-3,35.85896426,128.6230567,범어1동,
커피1994 범어점,대구 수성구 달구벌대로489길 23,(지번) 범어동 161-5,35.85989267,128.6316067,범어2동,
달곰마카롱,대구 수성구 범어로20길 39 1층,(지번) 범어동 207-7,35.8580173,128.6380039,범어4동,
일프로커피,대구 수성구 범어로19길 46 1층,(지번) 범어동 200-4,35.8580067,128.6332496,범어4동,
샌드선샤인,대구 수성구 범어로18길 93 1층,(지번) 범어동 220-11,35.85726479,128.6407876,범어4동,
스피티코 대구,대구 수성구 범어로 153 1층,(지번) 범어동 146-12,35.86300698,128.6354522,범어2동,
빠티랩,대구 수성구 동대구로74길 25,(지번) 범어동 51-11,35.8639361,128.628714,범어2동,
읍천리,대구 수성구 달구벌대로501길 11,(지번) 범어동 227-1,35.86015805,128.6374483,범어2동,
이디야커피 대구범어점,대구 수성구 국채보상로 856,(지번) 범어동 1-1,35.86689134,128.6241956,범어3동,
공차 범어로데오점,대구 수성구 달구벌대로 2513 1층,(지번) 범어동 223-1,35.85923006,128.6375865,범어2동,
류커피로스터스 범어점,대구 수성구 상록로11길 94,(지번) 범어동 2191,35.86191083,128.6230286,범어3동,
이명재커피,대구 수성구 범어로 170 1층,(지번) 범어동 431-3,35.86458136,128.63528,범어2동,
이디야커피 대구범어두레점,대구 수성구 달구벌대로496길 72,(지번) 범어동 305-3,35.85247297,128.6345422,범어4동,
로스트로비,대구 수성구 상록로2길 22,(지번) 범어동 40-4,35.8604237,128.625233,범어3동,
해머스미스커피 대구수성점,대구 수성구 동대구로 389 1층,(지번) 범어동 2-8,35.86524486,128.6262807,범어3동,
컴포즈커피 대구범어로데오점,대구 수성구 범어로18길 47 1층,(지번) 범어동 215-1,35.85746407,128.6383421,범어4동,
빽다방 대구범어KBS점,대구 수성구 범어로 73 범어에스케이뷰아파트2단지 205동 1층 104호,(지번) 범어동 2235,35.85565422,128.6345522,범어4동,
핸즈커피 범어점,대구 수성구 국채보상로 906,(지번) 범어동 128-1,35.86637264,128.6297836,범어2동,
파스쿠찌 수성구청역점,대구 수성구 달구벌대로 2485 1층,(지번) 범어동 169-3,35.85920432,128.6343955,범어2동,
분더브레드 범어점,대구 수성구 달구벌대로 2372,(지번) 범어동 804-77,35.8591255,128.621941,범어1동,
일리카페 범어점,대구 수성구 범어천로 186 범어메디스퀘어 1층,(지번) 범어동 2137,35.8632515,128.6211638,범어3동,
카페414,대구 수성구 들안로 414 1층,(지번) 범어동 1163,35.86685165,128.6187913,범어3동,
헤이트먼데이,대구 수성구 범어로20길 21 1층,(지번) 범어동 207-12,35.85800107,128.6369467,범어4동,
인아워타임 대구범어점,대구 수성구 범어로 135,(지번) 범어동 147-42,35.86151968,128.6355093,범어2동,
카페더힐,대구 수성구 달구벌대로496길 48 1층,(지번) 범어동 292-16,35.85424964,128.6342916,범어4동,
더리터 수성구청역점,대구 수성구 달구벌대로 2513 1층,(지번) 범어동 223-1,35.85923006,128.6375865,범어2동,
텐퍼센트커피 대구범어그랜드점,대구 수성구 달구벌대로480길 28 1층,(지번) 범어동 560-3,35.8586534,128.6236746,범어1동,
스니프,대구 수성구 범어로20길 49 1층,(지번) 범어동 211-11,35.85800724,128.63851,범어4동,
카페봄봄 청구점,대구 수성구 국채보상로 846 청구성조타운 111호,(지번) 범어동 2017,35.86659415,128.6226817,범어3동,
5후,대구 수성구 상록로11길 13,(지번) 범어동 475-38,35.86468207,128.6230717,범어3동,
이디야커피 대구범어경신점,대구 수성구 청호로 423,(지번) 범어동 85,35.85482363,128.639347,범어4동,
매스커피 범어역점,대구 수성구 동대구로 345,(지번) 범어동 35-1,35.86201673,128.6256728,범어3동,
이디야커피 범어N타워점,대구 수성구 상록로 5,(지번) 범어동 557-19,35.85997005,128.6237285,범어3동,
호두나무 수성점,대구 수성구 달구벌대로 2482,(지번) 범어동 197-7,35.85836957,128.6339469,범어4동,
이디야커피 대구수성구청역점,대구 수성구 달구벌대로501길 6,(지번) 범어동 221-9,35.85941199,128.6379643,범어2동,
올웨이즈베케이션클럽,대구 수성구 국채보상로162길 34 1층,(지번) 범어동 1218,35.86612453,128.6190319,범어3동,
아틀리에빈,대구 수성구 달구벌대로512길 4,(지번) 범어동 217,35.85822953,128.6426613,범어4동,
소울리브,대구 수성구 달구벌대로480길 9 3층,(지번) 범어동 551-7,35.85845949,128.6241804,범어1동,
카페봄봄 범어점,대구 수성구 달구벌대로 2522 1층,(지번) 범어동 211-2,35.85856931,128.6386462,범어4동,
소복담,대구 수성구 동원로1길 21 1층 101호,(지번) 범어동 222-5,35.85967297,128.6390338,범어2동,
더유갤러리카페,대구 수성구 달구벌대로489길 37-21,(지번) 범어동 159-1,35.86095842,128.6321261,범어2동,
오늘도통통,대구 수성구 동대구로55길 8-4 1층 102호,(지번) 범어동 786-4,35.85525199,128.6245252,범어1동,
텐퍼센트커피 대구범어도서관점,대구 수성구 달구벌대로 2455 1층,(지번) 범어동 165-15,35.85906624,128.6312414,범어2동,
커피1번가,대구 수성구 상록로16길 60-2 1,(지번) 범어동 11-1,35.86499121,128.6258797,범어3동,
카페봄봄 대구 법원점,대구 수성구 동대구로 359 1층,(지번) 범어동 32-1,35.8625873,128.6263209,범어3동,
요얼쓰,대구 수성구 범어로24길 14 1층,(지번) 범어동 224-6,35.85963853,128.6365697,범어2동,
핸즈커피 범어4가점,대구 수성구 달구벌대로 2482 진앤진빌딩 1층,(지번) 범어동 197-26,35.85836957,128.6339469,범어4동,
알리스타케냐커피 대구범어네거리점,대구 수성구 동대구로 311-1 1~3층,(지번) 범어동 563-7,35.85844454,128.6252388,범어1동,
아마스빈 대구범어점,대구 수성구 달구벌대로 2498,(지번) 범어동 205-1,35.85848121,128.6359269,범어4동,
카페나무,대구 수성구 상록로 8-19,(지번) 범어동 40-7,35.86029229,128.6250687,범어3동,
파스쿠찌 대구라온제나점,대구 수성구 범어천로 73 라온제나호텔 1층 102,(지번) 범어동 805-4,35.853536,128.6224946,범어1동,
마시그래이 대구법원점,대구 수성구 동대구로 371,(지번) 범어동 13-10,35.86351526,128.6264171,범어3동,
정스콘,대구 수성구 범어로 119-1,(지번) 범어동 147-10,35.86020696,128.6355252,범어2동,
대구그랜드호텔 더라운지,대구 수성구 동대구로 305,(지번) 범어동 563-1,35.85767615,128.6249847,범어1동,
레프트뱅크 범어점,대구 수성구 달구벌대로496길 20 1층,(지번) 범어동 202-2,35.85733745,128.6339895,범어4동,
만랩커피 대구범어법원점,대구 수성구 동대구로73길 17,(지번) 범어동 30-1,35.86306009,128.6254454,범어3동,
오브느 범어점,대구 수성구 범어로 119,(지번) 범어동 147-35,35.86007402,128.6355133,범어2동,
더리터 범어점,대구 수성구 달구벌대로480길 9 범어클래시아 111호,(지번) 범어동 551-7,35.85845949,128.6241804,범어1동,
파스쿠찌 대구법원점,대구 수성구 동대구로 371-1 1층,(지번) 범어동 13-17,35.86362441,128.6264283,범어3동,
청솔로9 본점,대구 수성구 상록로 15 범어센트럴푸르지오 1층 130호,(지번) 범어동 558-16,35.86111989,128.6230363,범어3동,
카페봄봄 대구 범어역점,대구 수성구 달구벌대로 2378 1층,(지번) 범어동 559-7,35.85902751,128.6227043,범어1동,
아티자나,대구 수성구 동대구로42길 11 1층,(지번) 범어동 687-2,35.84938561,128.6258939,범어1동,
그로잉,대구 수성구 상록로 60 1층,(지번) 범어동 7-5,35.86487246,128.6241663,범어3동,
드롭탑 대구범어점,대구 수성구 상록로 80 103동 1층,(지번) 범어동 1-4,35.8663693,128.6244892,범어3동,
마시그래이 범어로데오점,대구 수성구 달구벌대로504길 6,(지번) 범어동 207-6,35.85817348,128.6379628,범어4동,
어썸(awesome),대구 수성구 상록로 11,(지번) 범어동 557-36,35.86020796,128.623761,범어3동,
도어룸나인커피,대구 수성구 달구벌대로489길 64,(지번) 범어동 166-12,35.85949927,128.6338052,범어2동,
그로브,대구 수성구 동대구로74길 71 1층,(지번) 범어동 52-8,35.86443661,128.6305956,범어2동,
스무디킹 이마트24범어로데오점,대구 수성구 달구벌대로 2518,(지번) 범어동 206-6,35.85850312,128.6380089,범어4동,
노바디커피클럽,대구 수성구 청솔로14길 16 1층,(지번) 범어동 805-212,35.85113646,128.621612,범어1동,
김진수로스터리카페 범어점,대구 수성구 동대구로52길 25 1층,(지번) 범어동 899-29,35.85355836,128.6270307,범어1동,
오늘,대구 수성구 동대구로77길 16 1층,(지번) 범어동 12-5,35.86483762,128.6255894,범어3동,
희연커피,대구 수성구 동원로 41-1,(지번) 범어동 407-5,35.86273702,128.6392317,범어2동,
휩(whip),대구 수성구 범어로19길 57,(지번) 범어동 201-4,35.85778473,128.6326347,범어4동,
솔레이빛나는마카롱,대구 수성구 범어로20길 60 1층,(지번) 범어동 214-30,35.85781891,128.6391763,범어4동,
제주애,대구 수성구 달구벌대로504길 15 2층,(지번) 범어동 117-40,35.85718822,128.6383561,범어4동,
카페담아,대구 수성구 달구벌대로 2540-1,(지번) 범어동 217-20,35.8584207,128.640582,범어4동,
공다정,대구 수성구 달구벌대로480길 9 클래시아 1층 102호,(지번) 범어동 551-7,35.85845949,128.6241804,범어1동,
플리에,대구 수성구 달구벌대로492길 45 1층,(지번) 범어동 204-26,35.85721671,128.635174,범어4동,
스위트홀릭 본점,대구 수성구 국채보상로 988 1층,(지번) 범어동 425-3,35.86616571,128.6382442,범어2동,
토스트카페마리 대구범어점,대구 수성구 달구벌대로 2529 범어에스타워 1층,(지번) 범어동 221-4,35.85918727,128.6392969,범어2동,
혼자로512,대구 수성구 달구벌대로512길 11,(지번) 범어동 63-29,35.85763927,128.6429062,범어4동,
브라운103,대구 수성구 들안로78길 24,(지번) 범어동 1003-1,35.86515475,128.6193507,범어3동,
핑거커피,대구 수성구 범어천로 214,(지번) 범어동 2262,35.86416414,128.6192154,범어3동,
커피유연제,대구 수성구 범어로19길 38 1층,(지번) 범어동 200-23,35.85796176,128.6337115,범어4동,
커피왕 범어점,대구 수성구 달구벌대로504길 7,(지번) 범어동 211-61,35.85801112,128.6383509,범어4동,
카페앤까사,대구 수성구 국채보상로 920-1,(지번) 범어동 128-10,35.86672306,128.6313526,범어2동,
카페홍시,대구 수성구 동대구로80길 24 3층,(지번) 범어동 48-1,35.86557723,128.6287387,범어2동,
이디야커피 대구수성범어천로점,대구 수성구 동대구로49길 8,(지번) 범어동 774-31,35.85249505,128.623998,범어1동,
EAT ART,대구 수성구 국채보상로162길 26 1층,(지번) 범어동 1200,35.86648215,128.6189077,범어3동,
매스커피 수성구청점,대구 수성구 달구벌대로 2476 1층,(지번) 범어동 197-5,35.8584268,128.6335552,범어4동,
레조넌스,대구 수성구 세진로3길 72,(지번) 범어동 403-15,35.86235326,128.6384497,범어2동,
날쌘카페 범어점,대구 수성구 범어로18길 54 1층,(지번) 범어동 117-41,35.8570765,128.6385069,범어4동,
몬스터커피 범어점,대구 수성구 상록로 76,(지번) 범어동 7-9,35.86614445,128.6241506,범어3동,
카페클레오파트라,대구 수성구 청솔로 122,(지번) 범어동 802-3,35.85743564,128.621343,범어1동,
청수67카페,대구 수성구 달구벌대로504길 22 1층,(지번) 범어동 117-36,35.85662095,128.6380524,범어4동,
바삭,대구 수성구 달구벌대로495길 21,(지번) 범어동 153-12,35.86002224,128.634001,범어2동,
연을담다,대구 수성구 청호로85안길 42,(지번) 범어동 65-22,35.85693393,128.6404751,범어4동,
노란토끼,대구 수성구 국채보상로164길 17 2층,(지번) 범어동 1840,35.86651913,128.6210166,범어3동,
카페생활,대구 수성구 청솔로14길 41,(지번) 범어동 805,35.85125888,128.6230296,범어1동,
마크커피,대구 수성구 동대구로 312,(지번) 범어동 190-1,35.85820553,128.6269251,범어1동,
마시그래이 수성범어점,대구 수성구 범어천로 135-7,(지번) 범어동 804-20,35.8588987,128.621726,범어1동,
블루샥 대구범어점,대구 수성구 청솔로14길 15 범어에일린의뜰 상가동 B106호,(지번) 범어동 2272,35.85160882,128.622254,범어1동,
드롭탑 대구두산위브더제니스점,대구 수성구 달구벌대로 2435 301동 B303호,(지번) 범어동 179,35.86098925,128.628268,범어2동,
두낫폴겟,대구 수성구 달구벌대로495길 46 1층,(지번) 범어동 150,35.86112614,128.6344841,범어2동,
브라운커피&라디오비어,대구 수성구 달구벌대로 2398,(지번) 범어동 561-4,35.85875858,128.6247333,범어1동,
카페 훗,대구 수성구 범어로20길 30 예다움 1층,(지번) 범어동 210-44,35.85774266,128.6373935,범어4동,
오가다 수성점,대구 수성구 달구벌대로 2381 1층,(지번) 범어동 558-12,35.85965311,128.6230626,범어3동,
무드데이,대구 수성구 동대구로42길 18 1층,(지번) 범어동 687-19,35.84919359,128.6262652,범어1동,
미키마카롱,대구 수성구 상록로 15,(지번) 범어동 2257,35.86111989,128.6230363,범어3동,
테르커피,대구 수성구 청솔로16길 38 1층,(지번) 범어동 805-45,35.85163849,128.6228529,범어1동,
그레이트오션로드,대구 수성구 달구벌대로504길 14 1층,(지번) 범어동 210-8,35.85759608,128.6380518,범어4동,
까페바우(CafeBau),대구 수성구 달구벌대로488안길 13,(지번) 범어동 389-2,35.85703895,128.6283986,범어1동,
마루모리,대구 수성구 청솔로22길 13-9,(지번) 범어동 806-114,35.85362522,128.6216863,범어1동,
신천커피,대구 수성구 국채보상로 800 1층,(지번) 범어동 1097,35.86759151,128.6180875,범어3동,
스탑바이검은구상,대구 수성구 달구벌대로492길 3,(지번) 범어동 197-13,35.85819648,128.6323211,범어4동,
커피명가 선스포츠점,대구 수성구 범어로 9 1층,(지번) 범어동 332,35.85062616,128.6375344,범어4동,
무인다방 범어힐스테이트점,대구 수성구 범어로18길 22 1층 110호,(지번) 범어동 2264,35.85680019,128.636545,범어4동,
디저트테이블냠냠,대구 수성구 범어로 192,(지번) 범어동 434-18,35.86628725,128.6343172,범어2동,
그릭하다 범어점,대구 수성구 동대구로73길 14 1층,(지번) 범어동 17-7,35.86325531,128.6257491,범어3동,
이끌림스터디카페,대구 수성구 청호로 424,(지번) 범어동 85-2,35.85464039,128.6398782,범어4동,
카페더시즈,대구 수성구 달구벌대로492길 49 1층,(지번) 범어동 204,35.85722977,128.6354792,범어4동,
도로시커피 범어점,대구 수성구 상록로 32,(지번) 범어동 27-10,35.8622508,128.6242507,범어3동,
김사부홈바리스타,대구 수성구 동대구로77길 12 2층,(지번) 범어동 12-7,35.86484559,128.6258796,범어3동,
명품다방,대구 수성구 범어로24길 20 1층,(지번) 범어동 224-8,35.85963182,128.6368898,범어2동,
골목&,대구 수성구 상록로 8-11 1층,(지번) 범어동 40-22,35.86015927,128.6246765,범어3동,
석뮤직,대구 수성구 들안로 399 지하 1층,(지번) 범어동 1297,35.86570393,128.6179911,범어3동,
키다리아저씨의커피볶는집,대구 수성구 범어로 62,(지번) 범어동 271-43,35.85491162,128.6357088,범어4동,
더진스커피 범어점,대구 수성구 범어로20길 102,(지번) 범어동 219-3,35.85785849,128.6413658,범어4동,
몰타 범어점,대구 수성구 상록로2길 72,(지번) 범어동 30-3,35.8627563,128.6254595,범어3동,
텐퍼센트커피 대구범어동천초점,대구 수성구 동대구로77길 12,(지번) 범어동 12-7,35.86484559,128.6258796,범어3동,
아이엠폴,대구 수성구 동대구로59길 14-19 범어역아이위시타워 상가 1,(지번) 범어동 792-43,35.85817119,128.6234154,범어1동,
오퍼커피,대구 수성구 동대구로 334 2층,(지번) 범어동 177-4,35.86003691,128.6271782,범어2동,
르프로코프,대구 수성구 동대구로74길 25,(지번) 범어동 51-11,35.86392291,128.6287199,범어2동,
사랑채 범어점,대구 수성구 국채보상로 938-1 1층,(지번) 범어동 134-5,35.86700772,128.6330839,범어2동,
홍콩다방 범어점,대구 수성구 달구벌대로 2524,(지번) 범어동 211-4,35.85836475,128.6389898,범어4동,
데이데이,대구 수성구 청호로85안길 33,(지번) 범어동 65-91,35.85650863,128.6401953,범어4동,
맘쓰랩,대구 수성구 청호로 411 1층,(지번) 범어동 93-63,35.85395305,128.638382,범어4동,
로드59,대구 수성구 동대구로59길 8,(지번) 범어동 564-3,35.85734357,128.6246557,범어1동,
오레오라,대구 수성구 동대구로 218 1층,(지번) 범어동 675-2,35.84976309,128.6254618,범어1동,
멜번레인,대구 수성구 상록로 15 1층 108호,(지번) 범어동 556-8,35.86111989,128.6230363,범어3동,
에쏘라인,대구 수성구 동대구로73길 14,(지번) 범어동 17-7,35.86325531,128.6257491,범어3동,
앤드슬로우,대구 수성구 달구벌대로495길 46 1층,(지번) 범어동 150,35.86112614,128.6344841,범어2동,
핸썸커피 범어점,대구 수성구 동대구로 336,(지번) 범어동 177,35.8603881,128.62737,범어2동,
더카페아리아 범어점,대구 수성구 동대구로 334,(지번) 범어동 177-4,35.86003691,128.6271782,범어2동,
롤로,대구 수성구 동원로 51,(지번) 범어동 421-26,35.86361835,128.6392433,범어2동,
마타보카커피,대구 수성구 국채보상로 976,(지번) 범어동 426-5,35.8666217,128.6371395,범어2동,
케슬스터디9카페,대구 수성구 범어로12길 6,(지번) 범어동 271-87,35.85431981,128.6365247,범어4동,
아마노커피,대구 수성구 범어로 139 1층,(지번) 범어동 147-3,35.86182796,128.6354962,범어2동,
커핏,대구 수성구 동대구로 311 범어애플타워 1층 102호,(지번) 범어동 563-10,35.85812421,128.6252372,범어1동,
은커피숍,대구 수성구 달구벌대로488길 7,(지번) 범어동 238-49,35.8578168,128.6297018,범어1동,
슬로우,대구 수성구 범어로 83-2,(지번) 범어동 139-3,35.85694164,128.6355741,범어4동,
카페루프앤 범어점,대구 수성구 동대구로73길 10,(지번) 범어동 17-6,35.86322576,128.6258817,범어3동,
라포미 범어점,대구 수성구 동대구로73길 8,(지번) 범어동 14-1,35.86321797,128.6260508,범어3동,
주식회사 몬스터,대구 수성구 달구벌대로480길 21,(지번) 범어동 547-3,35.85843295,128.6240369,범어1동,
카페지금여기,대구 수성구 세진로 25,(지번) 범어동 403,35.86213951,128.6383442,범어2동,
음악카페 낡은라디오,대구 수성구 상록로 50,(지번) 범어동 24-17,35.86388254,128.624161,범어3동,
꽃플라워카페,대구 수성구 동대구로54길 30,(지번) 범어동 373-41,35.85478307,128.6277381,범어1동,
헬로우어게인,대구 수성구 상록로2길 77 로타리시장 5동 17호,(지번) 범어동 29-1,35.86274694,128.6250658,범어3동,
노엘블랑 범어2호점,대구 수성구 국채보상로164길 11,(지번) 범어동 1820,35.86699526,128.6204448,범어3동,
카페 로즈앤코튼,대구 수성구 청호로85안길 32,(지번) 범어동 65-80,35.85633277,128.6402514,범어4동,
마스터,대구 수성구 국채보상로 988,(지번) 범어동 425-3,35.86616571,128.6382442,범어2동,
이름을모찌었습니다,대구 수성구 동대구로 345 1층,(지번) 범어동 35-1,35.86201673,128.6256728,범어3동,
르씨엘 범어점,대구 수성구 동대구로58길 15,(지번) 범어동 592-7,35.85628928,128.6267299,범어1동,
크라운,대구 수성구 동대구로73길 10,(지번) 범어동 17-6,35.86322576,128.6258817,범어3동,
슈가스푼,대구 수성구 범어로 100 1층,(지번) 범어동 205-12,35.85829154,128.635873,범어4동,
주식회사 씨씨스튜디오,대구 수성구 국채보상로 920-1,(지번) 범어동 128-10,35.86672306,128.6313526,범어2동,
텐퍼센트커피 대구범어태왕점,대구 수성구 동대구로 250 태왕유성하이빌아파트 205동 1층 101호,(지번) 범어동 614-3,35.85319247,128.6260674,범어1동,
카페 범어로197,대구 수성구 범어로 197,(지번) 범어동 134-31,35.86682961,128.6335448,범어2동,
차를마시다,대구 수성구 범어로 120,(지번) 범어동 225-7,35.86016066,128.6358812,범어2동,
쁘띠에뜨아르커피&공방,대구 수성구 명덕로 477 쌍용예가 상가 1층 124호,(지번) 범어동 808,35.85450939,128.6213147,범어1동,
명품호두cafe,대구 수성구 범어로19길 58,(지번) 범어동 200-10,35.85800637,128.632611,범어4동,
500마일즈,대구 수성구 범어천로 126 코오롱하늘채수상가 102호,(지번) 범어동 792-19,35.8583088,128.6229481,범어1동,
말랭이,대구 수성구 상록로 15 범어센트럴푸르지오 판매시설동 1층 165호,(지번) 범어동 2257,35.86111989,128.6230363,범어3동,
라이브카페비바다비,대구 수성구 달구벌대로480길 25 2층,(지번) 범어동 547-5,35.85844079,128.6237503,범어1동,
커피아델,대구 수성구 동대구로73길 8 1층,(지번) 범어동 14-1,35.86321797,128.6260508,범어3동,
젠틀슬로프,대구 수성구 달구벌대로480길 33,(지번) 범어동 549-13,35.85854092,128.6232958,범어1동,
카페멜리아,대구 수성구 상록로2길 21 101호,(지번) 범어동 37-21,35.86057931,128.6251276,범어3동,
차차커피,대구 수성구 동대구로77길 9 1층,(지번) 범어동 14-14,35.86465302,128.6260523,범어3동,
커피마마,대구 수성구 동대구로73길 39 1층,(지번) 범어동 27-1,35.86305075,128.6242567,범어3동,
문,대구 수성구 달구벌대로492길 3,(지번) 범어동 197-13,35.85819648,128.6323211,범어4동,
춘강다방,대구 수성구 동대구로 369,(지번) 범어동 13-11,35.86341921,128.626403,범어3동,
수니커피,대구 수성구 명덕로 498,(지번) 범어동 775-60,35.85357834,128.6245753,범어1동,
카페누구나 범어점,대구 수성구 상록로 42 4층,(지번) 범어동 26-11,35.8632648,128.6242151,범어3동,
타라,대구 수성구 동대구로54길 40,(지번) 범어동 373-40,35.85510341,128.6278718,범어1동,
범어1번가카페,대구 수성구 동대구로 376 지하1층 L107호,(지번) 범어동 2237,35.86452885,128.6277612,범어2동,
와플앤커피,대구 수성구 달구벌대로488안길 1,(지번) 범어동 391-7,35.85695379,128.6291299,범어1동,
카페게이트 수성구청점,대구 수성구 범어로 98,(지번) 범어동 208-5,35.85813555,128.6359192,범어4동,
카페101,대구 수성구 범어로 92 1층,(지번) 범어동 209-17,35.8575689,128.6358935,범어4동,
에이블에스주스,대구 수성구 상록로11길 93,(지번) 범어동 481-9,35.86185229,128.6232063,범어3동,
아까이구쯔,대구 수성구 동대구로 274,(지번) 범어동 371,35.85386809,128.6261984,범어1동,
커피자리,대구 수성구 동대구로 214,(지번) 범어동 711-5,35.84946357,128.6253734,범어1동,
정원산책갤러리,대구 수성구 청호로85안길 25,(지번) 범어동 65-92,35.85637151,128.6400605,범어4동,
꾸키상점,대구 수성구 달구벌대로496길 19-12 1층 102호,(지번) 범어동 256-19,35.85682276,128.6351122,범어4동,
숲을바라보다,대구 수성구 국채보상로186길 95 1층,(지번) 범어동 141-1,35.86417587,128.6343779,범어2동,
청구다방,대구 수성구 청호로85안길 17,(지번) 범어동 74-1,35.85611165,128.6395699,범어4동,
브랜치카페 KBS점,대구 수성구 범어로 75,(지번) 범어동 2234,35.8563288,128.6345065,범어4동,
다옴,대구 수성구 달구벌대로504길 47,(지번) 범어동 96-5,35.85443212,128.6386712,범어4동,
카페아람,대구 수성구 범어로 75,(지번) 범어동 2234,35.8563288,128.6345065,범어4동,
카페레브릭,대구 수성구 동대구로80길 10-21,(지번) 범어동 47-1,35.8648029,128.6279598,범어2동,
카페땡끝,대구 수성구 달구벌대로495길 27 지하1층,(지번) 범어동 153-17,35.86027969,128.6339949,범어2동,
사주카페나무,대구 수성구 상록로 22,(지번) 범어동 39-9,35.86134846,128.6241533,범어3동,
크로플의정석,대구 수성구 달구벌대로502길 5-19 1,(지번) 범어동 206-15,35.85831917,128.6379383,범어4동,
커피자루,대구 수성구 동원로 47,(지번) 범어동 407-19,35.86320129,128.6393766,범어2동,
서로커피,대구 수성구 상록로 71,(지번) 범어동 471-8,35.8659541,128.6237661,범어3동,
원드링크사랑,대구 수성구 동대구로77길 16,(지번) 범어동 12-5,35.86483762,128.6255894,범어3동,
대웅커피숖,대구 수성구 달구벌대로 2517,(지번) 범어동 221-12,35.85912286,128.6379476,범어2동,
더 THE맛있는과일1L커피 대구범어점,대구 수성구 청호로 433,(지번) 범어동 2250,35.85568336,128.6399516,범어4동,
J&M커피컴퍼니,대구 수성구 국채보상로 938-1,(지번) 범어동 134-5,35.86700772,128.6330839,범어2동,
마실커피 범어로데오점마실9호,대구 수성구 달구벌대로504길 4,(지번) 범어동 206-9,35.85831298,128.6380754,범어4동,
오가딕티룸앤카페,대구 수성구 국채보상로162길 34,(지번) 범어동 1218,35.86612453,128.6190319,범어3동,
보케르 범어점,대구 수성구 국채보상로 826 2층,(지번) 범어동 1801,35.86710916,128.6209388,범어3동,
커피포인트,대구 수성구 상록로 21-28,(지번) 범어동 481-13,35.8615646,128.6230431,범어3동,
ampm커피,대구 수성구 들안로78길 45,(지번) 범어동 2240,35.86740453,128.6191038,범어3동,
빈스쿱,대구 수성구 범어로 100,(지번) 범어동 205-12,35.85829154,128.635873,범어4동,
반디의꿈,대구 수성구 달구벌대로 지하 2396 범어역 2호,(지번) 범어동 835,35.85901475,128.6244553,범어1동,
YOI5 수성점,대구 수성구 범어로 72,(지번) 범어동 271-10,35.85577837,128.6357058,범어4동,
매머드익스프레스 대구범어1호점,대구 수성구 동대구로 397 웰스빌딩1층,(지번) 범어동 2-3,35.86577723,128.6263156,범어3동,
카페하늘샘,대구 수성구 달구벌대로 2479,(지번) 범어동 167-2,35.85920614,128.6340565,범어2동,
지평,대구 수성구 범어천로 44,(지번) 범어동 722-1,35.85067747,128.6236827,범어1동,
카페(cafe) 개복치,대구 수성구 범어로34길 24,(지번) 범어동 431,35.86603775,128.6357719,범어2동,
주스탐커피,대구 수성구 달구벌대로 2420,(지번) 범어동 190-9,35.85843404,128.6272127,범어1동,
카펜앤까샤,대구 수성구 국채보상로 920-1,(지번) 범어동 128-10,35.86672306,128.6313526,범어2동,
올가빈커피,대구 수성구 동대구로38길 90,(지번) 범어동 665-10,35.85005553,128.6271177,범어1동,
고타스커피컴퍼니,대구 수성구 달구벌대로495길 55,(지번) 범어동 143-36,35.86158692,128.6343101,범어2동,
테오카페바이트,대구 수성구 청호로95길 13,(지번) 범어동 63-8,35.85783226,128.6436465,범어4동,
일프로커피로스터스,대구 수성구 성동로15길 52 3층,(지번) 사월동 163-1,35.84101256,128.721184,고산3동,
커피파리스,대구 수성구 천을로 237,(지번) 사월동 238-2,35.84150753,128.7161276,고산3동,
하삼동커피 사월점,대구 수성구 달구벌대로669길 80 시지대성유니드아파트 101동 106호,(지번) 사월동 500,35.83896024,128.7202781,고산3동,
메종드메이,대구 수성구 달구벌대로659길 6,(지번) 사월동 417-5,35.83704929,128.7174449,고산3동,
플러터,대구 수성구 성동로 43,(지번) 사월동 58-2,35.8381606,128.7239483,고산3동,
일퍼센트커피,대구 수성구 성동로15길 52,(지번) 사월동 163-1,35.84101256,128.721184,고산3동,
카페봄봄 사월점,대구 수성구 성동로 41 1동 1층,(지번) 사월동 550-6,35.8383659,128.7235819,고산3동,
카페넬리,대구 수성구 달구벌대로661길 61,(지번) 사월동 296,35.83840192,128.7185012,고산3동,
씨데이,대구 수성구 달구벌대로 3303 1층,(지번) 사월동 419-1,35.8368793,128.7173717,고산3동,
오늘 너와,대구 수성구 달구벌대로669길 40,(지번) 사월동 550-3,35.83767858,128.7211639,고산3동,
4월,대구 수성구 달구벌대로 3303,(지번) 사월동 419-1,35.8368793,128.7173717,고산3동,
트래블폭스 동원점,대구 수성구 성동로 74-10 주2동 1층,(지번) 사월동 15-1,35.84100469,128.7235308,고산3동,
다이브커피,대구 수성구 성동로 60-1 1층,(지번) 사월동 32-7,35.84008208,128.7239474,고산3동,
공간울림,대구 수성구 범안로64길 18-9,(지번) 삼덕동 552,35.82800587,128.6688245,고산2동,
아뜰리에빈 알파시티점,대구 수성구 알파시티1로37길 18 1층,(지번) 삼덕동 875-3,35.83625614,128.6799922,고산2동,
핸즈커피 대구미술관점,대구 수성구 미술관로 40 부속시설 1층,(지번) 삼덕동 374,35.82702862,128.6743408,고산2동,
블레스유커피로스팅,대구 수성구 월드컵로5길 81-1,(지번) 삼덕동 318,35.83033971,128.6791945,고산2동,
안순금갤러리카페,대구 수성구 월드컵로5안길 13,(지번) 삼덕동 310,35.82974907,128.6799833,고산2동,
벨리시모앤틱카페,대구 수성구 무학로 37,(지번) 상동 413-7,35.8296488,128.612599,상동,
스타벅스 대구상동DT,대구 수성구 무학로 29,(지번) 상동 415-1,35.82958763,128.6116969,상동,
카페편 수성점(휴업중),대구 수성구 들안로 57,(지번) 상동 320-6,35.83488261,128.6163367,상동,
쿰,대구 수성구 수성로14길 41-27 1층,(지번) 상동 341-15,35.83343939,128.6134361,상동,
카페올브,대구 수성구 상화로 49 1층,(지번) 상동 64-12,35.83508254,128.6125098,상동,
스타벅스 대구들안길DT점,대구 수성구 들안로 85,(지번) 상동 47-6,35.8374686,128.6164459,상동,
체리토마토,대구 수성구 수성로32길 49-15,(지번) 상동 19-18,35.8391417,128.6146738,상동,
비행기카페,대구 수성구 무학로 42,(지번) 상동 465-1,35.82858988,128.6133687,상동,
프리모,대구 수성구 수성로14길 23,(지번) 상동 338-12,35.8323063,128.6125026,상동,
엔제리너스 정화팔레스D/I점,대구 수성구 수성로 140-1 1,(지번) 상동 29-6,35.83763293,128.612277,상동,상동
인웍스,대구 수성구 들안로13길 80 1층,(지번) 상동 43-3,35.83751943,128.6152462,상동,
스테이커피,대구 수성구 수성로15길 12,(지번) 상동 295-7,35.83309013,128.61062,상동,
바바빈,대구 수성구 용학로 21-1,(지번) 상동 706,35.82613747,128.6121958,상동,
애플밤,대구 수성구 상화로 75-4 1층 103호,(지번) 상동 68-18,35.83511199,128.6154765,상동,
아담브릿지,대구 수성구 수성로15길 46,(지번) 상동 221,35.83291453,128.6086337,상동,
몬스터커피 상동점,대구 수성구 수성로 74,(지번) 상동 380-1,35.83187521,128.6114264,상동,
젠코커피,대구 수성구 상화로 79-9 1층,(지번) 상동 67-25,35.83554352,128.6156524,상동,
커피에반하다 대구상동점,대구 수성구 상화로5길 19 1층,(지번) 상동 130-13,35.83561344,128.6095905,상동,
레프트뱅크,대구 수성구 신천동로 130,(지번) 상동 185-5,35.836598,128.6071155,상동,
데이투모로우,대구 수성구 무학로11길 64 1층,(지번) 상동 389-14,35.83022045,128.6122448,상동,
에스프레소237,대구 수성구 상화로5길 49,(지번) 상동 158-10,35.83685402,128.6093505,상동,
하마,대구 수성구 청수로4길 56,(지번) 상동 172,35.83854451,128.6090857,상동,
샘터루,대구 수성구 들안로1길 10-31,(지번) 상동 401-20,35.83220778,128.6159991,상동,
멍분의멍,대구 수성구 신천동로 99-1,(지번) 상동 667-35,35.83379078,128.6066619,상동,
한일다방,대구 수성구 상화로 34,(지번) 상동 261-7,35.8345563,128.6107477,상동,
품공방카페,대구 수성구 수성로32길 121-18 1층,(지번) 상동 58-3,35.83580135,128.614244,상동,
소스엔니,대구 수성구 무학로 35-5 2층,(지번) 상동 414-7,35.82988784,128.6123254,상동,
단테카페,대구 수성구 무학로 25,(지번) 상동 416-1,35.82961011,128.6112768,상동,
카페블랑,대구 수성구 수성로14길 89 1층,(지번) 상동 323-10,35.83248415,128.6159996,상동,
커피파리스,대구 수성구 수성로23길 21,(지번) 상동 118-8,35.83588659,128.6105645,상동,
시공심,대구 수성구 들안로9길 16-4,(지번) 상동 325-8,35.83409899,128.6154582,상동,
호발롱 대구아르떼수성랜드점,대구 수성구 무학로 42,(지번) 상동 465-1,35.82858988,128.6133687,상동,
구름,대구 수성구 들안로9길 86,(지번) 상동 395-17,35.83082784,128.6155647,상동,
오늘은 케이크데이,대구 수성구 청수로12길 16-2 1층,(지번) 상동 5-15,35.83985865,128.6140368,상동,
금산다방,대구 수성구 들안로 49,(지번) 상동 320-1,35.83420447,128.6162119,상동,
풀휩,대구 수성구 상화로 71-8,(지번) 상동 67-19,35.83548508,128.615013,상동,
험블앤멈블,대구 수성구 수성로14길 34,(지번) 상동 384-6,35.83204699,128.6130034,상동,
아비앙또,대구 수성구 수성로 71,(지번) 상동 555,35.83197388,128.6108088,상동,
베이글닥터 들안길점,대구 수성구 들안로 21-1 가츠라 2층,(지번) 상동 402-3,35.8317993,128.6162262,상동,
골든게이트,대구 수성구 무학로11길 60,(지번) 상동 389-3,35.83020976,128.6124171,상동,
썸,대구 수성구 수성로14길 49-22,(지번) 상동 332-6,35.83320488,128.6143046,상동,
프로나운커피,대구 수성구 수성로 71 수성동일하이빌레이크시티아파트 상가 C동 101호,(지번) 상동 555,35.83197388,128.6108088,상동,
소스앤니,대구 수성구 무학로 35-5 2층,(지번) 상동 414-7,35.82988784,128.6123254,상동,
스토니벨벳,대구 수성구 수성로 31-1,(지번) 상동 619-15,35.82829681,128.6102801,상동,
투썸플레이스 대구상동팔래스점,대구 수성구 수성로 128,(지번) 상동 31-1,35.836918,128.612149,상동,
프로나온(pronoun),대구 수성구 수성로 71,(지번) 상동 555,35.83197388,128.6108088,상동,
사루비아,대구 수성구 수성로15길 54,(지번) 상동 219-2,35.83289816,128.6082273,상동,
CM,대구 수성구 수성로20길 62 1층,(지번) 상동 325-6,35.83418617,128.6145631,상동,
유니크베뉴,대구 수성구 수성로77길 15,(지번) 수성동1가 113-8,35.8582964,128.6128291,수성1가동,
투썸플레이스 대구수성1가점,대구 수성구 수성로 299,(지번) 수성동1가 298-2,35.85238646,128.6130361,수성1가동,
카페제이위드유,대구 수성구 달구벌대로456길 33,(지번) 수성동1가 671-33,35.85839358,128.6111947,수성1가동,
파스쿠찌 대구수성점,대구 수성구 수성로69길 41,(지번) 수성동1가 822,35.85552112,128.6115226,수성1가동,
텐퍼센트커피 대구수성1가점,대구 수성구 수성로75길 16 401동 103호,(지번) 수성동1가 230,35.85792317,128.6129488,수성1가동,
비아린다,대구 수성구 달구벌대로456길 37-6,(지번) 수성동1가 104-1,35.85816143,128.6113644,수성1가동,
커피랑도서관 수성점,대구 수성구 수성로69길 65 롯데캐슬 더퍼스트 제상가6동 2층 201호,(지번) 수성동1가 819,35.85500159,128.6100727,수성1가동,
옹글스,대구 수성구 수성로 275 1층,(지번) 수성동1가 420-9,35.85023745,128.6128518,수성1가동,
매스커피 대구은행역점,대구 수성구 수성로 379 1층,(지번) 수성동1가 43-3,35.85932534,128.6138414,수성1가동,
카페봄봄 수성캐슬점,대구 수성구 명덕로 377 1층,(지번) 수성동1가 267-6,35.85489526,128.6113219,수성1가동,
카페캔버스 수성1가점,대구 수성구 수성로69길 70,(지번) 수성동1가 818,35.85658252,128.6095239,수성1가동,
딜리커피 대구수성점,대구 수성구 명덕로 380 1층,(지번) 수성동1가 272-6,35.85437139,128.6116002,수성1가동,
1리터 커피다스 수성점,대구 수성구 수성로 311-1 1층,(지번) 수성동1가 275-88,35.85336937,128.613275,수성1가동,
마시그래이 수성롯데캐슬점,대구 수성구 달구벌대로456길 29,(지번) 수성동1가 671-32,35.85851674,128.6112307,수성1가동,
모락모락커피앤도넛,대구 수성구 명덕로76길 9 1층,(지번) 수성동1가 275-77,35.85398374,128.6122298,수성1가동,
수연커피숍,대구 수성구 명덕로 394 2층,(지번) 수성동1가 273-6,35.85434584,128.6129598,수성1가동,
카페 꽃이피다 수성점,대구 수성구 수성로69길 65,(지번) 수성동1가 819,35.85500159,128.6100727,수성1가동,
어뮤즈,대구 수성구 달구벌대로454길 9,(지번) 수성동1가 96-58,35.85964176,128.6097026,수성1가동,
하이미쉬,대구 수성구 달구벌대로454길 7 1층,(지번) 수성동1가 95,35.85978198,128.6106031,수성1가동,
스크리머,대구 수성구 신천동로 312,(지번) 수성동1가 641-49,35.85279497,128.6091167,수성1가동,
온댕,대구 수성구 수성로75길 21,(지번) 수성동1가 253-5,35.85696422,128.6125223,수성1가동,
이탈리안레드커피,대구 수성구 달구벌대로456길 6-4,(지번) 수성동1가 90-13,35.85976502,128.6111619,수성1가동,
로비,대구 수성구 수성로69길 65 상가 7동 105호,(지번) 수성동1가 819,35.85500159,128.6100727,수성1가동,
데니스커피 수성점,대구 수성구 명덕로73길 60-8 1층,(지번) 수성동1가 249-16,35.85711259,128.6113774,수성1가동,
선데이무드,대구 수성구 명덕로75길 14-1,(지번) 수성동1가 265-2,35.85519992,128.6118946,수성1가동,
루머팡 수성점,대구 수성구 달구벌대로456길 19,(지번) 수성동1가 73,35.8591463,128.6118733,수성1가동,
일센치,대구 수성구 명덕로75길 32,(지번) 수성동1가 259-61,35.85579853,128.6123054,수성1가동,
오쏘카페 수성본점,대구 수성구 달구벌대로 2274 1층,(지번) 수성동1가 90-11,35.85995255,128.6110948,수성1가동,
456카페,대구 수성구 달구벌대로456길 51,(지번) 수성동1가 671-47,35.85754757,128.6110888,수성1가동,
ITALIAN RED COFFEE,대구 수성구 달구벌대로456길 6-4,(지번) 수성동1가 90,35.85976502,128.6111619,수성1가동,
카페철스,대구 수성구 달구벌대로 2260,(지번) 수성동1가 96-322,35.86045681,128.6095363,수성1가동,
모나크,대구 수성구 명덕로73길 60-8,(지번) 수성동1가 249-16,35.85711259,128.6113774,수성1가동,
J&F,대구 수성구 달구벌대로 2270-1,(지번) 수성동1가 93-35,35.86007186,128.6107722,수성1가동,
닿은,대구 수성구 수성로57길 35,(지번) 수성동1가 602-1,35.85153176,128.6112068,수성1가동,
영푸드,대구 수성구 명덕로76길 9,(지번) 수성동1가 275-77,35.85398374,128.6122298,수성1가동,
예향카페,대구 수성구 수성로 269,(지번) 수성동1가 522-2,35.84959374,128.6125986,수성1가동,
제로테이블,대구 수성구 수성로68길 35-8 1층,(지번) 수성동2가 49-3,35.85535203,128.6159191,수성2.3가동,
희루커피 수성직영점,대구 수성구 수성로 352,(지번) 수성동2가 233-3,35.8568964,128.614083,수성2.3가동,
하삼동커피 수성점,대구 수성구 수성로76길 4 1층,(지번) 수성동2가 231-2,35.85727512,128.6141857,수성2.3가동,
카페봄봄 수성시장점,대구 수성구 들안로 275-1 1층,(지번) 수성동2가 53-3,35.85471928,128.6168946,수성2.3가동,
과일콕 수성점,대구 수성구 수성로68길 32,(지번) 수성동2가 162-3,35.85497229,128.6155033,수성2.3가동,
카페우아한,대구 수성구 수성로76길 27,(지번) 수성동2가 122-7,35.85719824,128.6154805,수성2.3가동,
매머드익스프레스 대구수성,대구 수성구 들안로 325 101동 1층,(지번) 수성동2가 1-3,35.85895234,128.6169181,수성2.3가동,
카페위 시교육청점,대구 수성구 수성로76길 11,(지번) 수성동2가 119-2,35.85836879,128.6146184,수성2.3가동,
청솔로9 수성시장역점,대구 수성구 명덕로 414 1층 104호,(지번) 수성동2가 173,35.85410605,128.6154007,수성2.3가동,
반반다방,대구 수성구 수성로 322,(지번) 수성동2가 262-2,35.85425302,128.6138125,수성2.3가동,
도그리치,대구 수성구 수성로 316-2,(지번) 수성동2가 268-1,35.85374781,128.6139689,수성2.3가동,
몰로 MOLLO,대구 수성구 수성로66길 8,(지번) 수성동2가 266-2,35.85374536,128.6140844,수성2.3가동,
산울림,대구 수성구 수성로 300-1,(지번) 수성동2가 281-1,35.85237318,128.6136755,수성2.3가동,
까페헬렌스,대구 수성구 수성로76길 26,(지번) 수성동2가 122-16,35.85721149,128.6153257,수성2.3가동,
몽키바나나,대구 수성구 들안로 287-2 1층,(지번) 수성동2가 39-103,35.85577526,128.6169662,수성2.3가동,
티앤트래블,대구 수성구 수성로66길 53,(지번) 수성동2가 66-6,35.85372948,128.6165849,수성2.3가동,
카페론썸,대구 수성구 수성로68길 36 1층,(지번) 수성동2가 160,35.85495895,128.6156579,수성2.3가동,
덕산커피숍,대구 수성구 들안로 275,(지번) 수성동2가 58,35.854619,128.6168394,수성2.3가동,
카페루팡,대구 수성구 들안로 285-68 1층,(지번) 수성동2가 39-75,35.85568273,128.6165434,수성2.3가동,
하이라운지,대구 수성구 달구벌대로 2310,(지번) 수성동2가 118,35.85931427,128.6149469,수성2.3가동,
찬미레스카페,대구 수성구 들안로 237 지하,(지번) 수성동2가 114-1,35.85114878,128.6165258,수성2.3가동,
동남다방,대구 수성구 수성로 294,(지번) 수성동2가 294-1,35.85164006,128.6136248,수성2.3가동,
군고구마랑 커피랑,대구 수성구 들안로 275-1,(지번) 수성동2가 53-3,35.85471928,128.6168946,수성2.3가동,
TEA&TRAVEL,대구 수성구 수성로66길 53,(지번) 수성동2가 66-6,35.85372948,128.6165849,수성2.3가동,
쪼쪼타운,대구 수성구 들안로 287-9,(지번) 수성동2가 39-145,35.85579484,128.6166765,수성2.3가동,
한일다방,대구 수성구 수성로 328,(지번) 수성동2가 258-2,35.85483944,128.6138492,수성2.3가동,
온니두커피,대구 수성구 달구벌대로 2320 수성우체국1층,(지번) 수성동2가 118-2,35.85930662,128.6158573,수성2.3가동,
동서커피숍,대구 수성구 들안로 299-1,(지번) 수성동2가 28-1,35.85683026,128.6170643,수성2.3가동,
시월일일,대구 수성구 수성로76길 56,(지번) 수성동2가 24-1,35.85707992,128.6170478,수성2.3가동,
로빈커피,대구 수성구 수성로 318-1,(지번) 수성동2가 264-2,35.85404648,128.6138119,수성2.3가동,
대림다방,대구 수성구 들안로 235 지하,(지번) 수성동2가 114-14,35.85100878,128.6165359,수성2.3가동,
스타벅스 대구수성동점,대구 수성구 명덕로 460,(지번) 수성동3가 77,35.8537716,128.6203278,수성2.3가동,
밥스딜라잇 수성점,대구 수성구 들안로60길 27-12 1,(지번) 수성동3가 28,35.85803042,128.6206733,수성2.3가동,
할리스 수성네거리점,대구 수성구 들안로 326,(지번) 수성동3가 254-2,35.8591356,128.617845,수성2.3가동,
이디야커피 대구수성점,대구 수성구 명덕로 432,(지번) 수성동3가 336,35.85396908,128.6174368,수성2.3가동,
공차 대구수성점,대구 수성구 달구벌대로 2334 1층,(지번) 수성동3가 254-3,35.85930963,128.6178764,수성2.3가동,
흐드러진커피,대구 수성구 청솔로 57 1층,(지번) 수성동3가 93-4,35.85166446,128.6205155,수성2.3가동,
엘아르카 스텔라 수성점,대구 수성구 들안로60길 27,(지번) 수성동3가 37-9,35.8570987,128.6206492,수성2.3가동,
더벤티 수성시장점,대구 수성구 명덕로 435 1층,(지번) 수성동3가 329,35.85442105,128.6178145,수성2.3가동,
핸즈커피 수성3가점,대구 수성구 들안로60길 27 수성센스빌 상가 102호,(지번) 수성동3가 37-9,35.8570987,128.6206492,수성2.3가동,
비웨이커피,대구 수성구 달구벌대로 2362,(지번) 수성동3가 5-1,35.85907411,128.6208482,수성2.3가동,
시카고라이브뮤직,대구 수성구 달구벌대로 2354 지하,(지번) 수성동3가 10,35.85921907,128.619902,수성2.3가동,
로얄다방,대구 수성구 명덕로 442,(지번) 수성동3가 333-1,35.85399185,128.618375,수성2.3가동,
모모리커피(MOMORICOFFEE),대구 수성구 들안로48길 18,(지번) 수성동3가 383-1,35.8513651,128.6180018,수성2.3가동,
돌고래,대구 수성구 명덕로 438,(지번) 수성동3가 335-2,35.85394914,128.6179468,수성2.3가동,
도시의봄,대구 수성구 청솔로 135 1층,(지번) 수성동3가 14-2,35.85873172,128.6212386,수성2.3가동,
리오카페,대구 수성구 들안로60길 27,(지번) 수성동3가 37-9,35.8570987,128.6206492,수성2.3가동,
달콤당,대구 수성구 청솔로 135,(지번) 수성동3가 14-2,35.85873172,128.6212386,수성2.3가동,
그대에게,대구 수성구 들안로52길 20 1층,(지번) 수성동3가 364-1,35.85243674,128.6181416,수성2.3가동,
유정다방,대구 수성구 들안로 250-1,(지번) 수성동3가 370-5,35.85227237,128.6171849,수성2.3가동,
우니카트,대구 수성구 범어천로 151-4,(지번) 수성동4가 980-44,35.86047732,128.6219727,수성4가동,
커피맛을조금아는남자 본점,대구 수성구 범어천로 153,(지번) 수성동4가 985-5,35.86059728,128.6221381,수성4가동,
스타벅스 대구수성네거리DT점,대구 수성구 들안로 342,(지번) 수성동4가 1021-8,35.86046691,128.6180209,수성4가동,
슈텐,대구 수성구 수성로 393 수성하이츠상가 1층 113호,(지번) 수성동4가 1090-8,35.86116149,128.6132923,수성4가동,
스타벅스 대구수성하이츠점,대구 수성구 수성로 393,(지번) 수성동4가 1090-8,35.86116149,128.6132923,수성4가동,
투썸플레이스 대구수성점,대구 수성구 달구벌대로 2333,(지번) 수성동4가 1085-34,35.8599188,128.617905,수성4가동,
사운즈프리미어,대구 수성구 들안로73길 50-10,(지번) 수성동4가 1119-18,35.86431675,128.6156589,수성4가동,
사이커피,대구 수성구 신천동로 442 3층,(지번) 수성동4가 1190,35.86313998,128.6122767,수성4가동,
카페푸치니,대구 수성구 달구벌대로 2327 한영아트센터 7층,(지번) 수성동4가 1085-69,35.86000905,128.6170834,수성4가동,
카페인중독 대구수성점,대구 수성구 수성로 393 108호,(지번) 수성동4가 1090-8,35.86116149,128.6132923,수성4가동,
수북하이 수성점,대구 수성구 들안로71길 8 1층,(지번) 수성동4가 1024-43,35.8623751,128.6173233,수성4가동,
다빈치커피 수성월드점,대구 수성구 범어천로 205,(지번) 수성동4가 1012-10,35.86358704,128.6190292,수성4가동,
카페봄봄 수성점,대구 수성구 수성로 400 수성우방팔레스아파트 109호,(지번) 수성동4가 1090-1,35.86108469,128.6146821,수성4가동,
해시태그,대구 수성구 신천동로 430 1층,(지번) 수성동4가 1195-1,35.86257139,128.6111188,수성4가동,
더리터 수성4가점,대구 수성구 들안로73길 50-7,(지번) 수성동4가 1115-16,35.86456291,128.6148839,수성4가동,
모카덴,대구 수성구 수성로 439,(지번) 수성동4가 1175-1,35.8636255,128.6129624,수성4가동,
앙드쁠뤼,대구 수성구 달구벌대로 2353 삼구빌딩 1층,(지번) 수성동4가 999-1,35.85994514,128.6201673,수성4가동,
우리푸딩,대구 수성구 들안로77길 11 3층,(지번) 수성동4가 1120-2,35.86450506,128.617027,수성4가동,
이제곱,대구 수성구 신천동로96길 5 1층,(지번) 수성동4가 1145-18,35.86643146,128.6149015,수성4가동,
워니맘의봄봄,대구 수성구 신천동로96길 31,(지번) 수성동4가 1124-9,35.86545359,128.615883,수성4가동,
차그리고공감,대구 수성구 들안로67길 56,(지번) 수성동4가 1028-14,35.86219527,128.6167517,수성4가동,
빵실과자점,대구 수성구 들안로81길 36 1층,(지번) 수성동4가 1133-15,35.86606444,128.616307,수성4가동,
더파티,대구 수성구 신천동로 474,(지번) 수성동4가 1158-8,35.86556144,128.6144363,수성4가동,
커맥스,대구 수성구 수성로 393 1층 130호,(지번) 수성동4가 1090-8,35.86116149,128.6132923,수성4가동,
뷔프루타 본점,대구 수성구 신천동로98길 24,(지번) 수성동4가 1148-16,35.86632366,128.615848,수성4가동,
감성카페로스터즈,대구 수성구 수성로 393,(지번) 수성동4가 1090-8,35.86116149,128.6132923,수성4가동,
스트릿퍼플커피,대구 수성구 들안로67길 76,(지번) 수성동4가 1060-40,35.86318594,128.6164873,수성4가동,
보드레,대구 수성구 들안로71길 8,(지번) 수성동4가 1024-43,35.8623751,128.6173233,수성4가동,
틸더커피바,대구 수성구 신천동로96길 8 1층,(지번) 수성동4가 1157-1,35.86614623,128.6149098,수성4가동,
자메이카빈,대구 수성구 수성로 393,(지번) 수성동4가 1090-8,35.86116149,128.6132923,수성4가동,
핸즈커피 시지점,대구 수성구 달구벌대로 3057 1층,(지번) 시지동 173-1,35.84353432,128.6912775,고산2동,
페이스포포,대구 수성구 고모로 15-1,(지번) 시지동 196-15,35.84384927,128.6879393,고산2동,
닻별,대구 수성구 시지로1길 11,(지번) 시지동 252-8,35.8420721,128.6936794,고산2동,
홀리데이 마카롱,대구 수성구 시지로 21-16,(지번) 시지동 487-6,35.84050513,128.694088,고산2동,
갓샐러드 시지점,대구 수성구 시지로 25-16,(지번) 시지동 488-8,35.84015498,128.6940283,고산2동,
이디야커피 대구수성알파시티점,대구 수성구 시지로 22 수성중앙빌딩,(지번) 시지동 578,35.84076881,128.6922903,고산2동,
디저트39 알파시티점,대구 수성구 알파시티2로 28,(지번) 시지동 584-2,35.83968326,128.6922298,고산2동,
아틀리에빈 고산점,대구 수성구 천을로 60,(지번) 시지동 102,35.84474847,128.697108,고산2동,
까페페르보이,대구 수성구 달구벌대로 3105 2층,(지번) 시지동 45-5,35.84308255,128.6967948,고산2동,
읍천리 시지점,대구 수성구 시지로14길 17 1층,(지번) 시지동 493-14,35.83737887,128.6950686,고산2동,
마커스커피,대구 수성구 시지로 14-3,(지번) 시지동 485-1,35.84123746,128.6921006,고산2동,
빽다방 대구알파시티점,대구 수성구 알파시티2로 26,(지번) 시지동 584-1,35.83962525,128.6920235,고산2동,
카페봄봄 알파시티점,대구 수성구 알파시티2로 29 1층,(지번) 시지동 578-4,35.84012801,128.6923098,고산2동,
더리터 대구알파시티점,대구 수성구 알파시티2로 27,(지번) 시지동 579-7,35.84005631,128.6919878,고산2동,
핑퐁커피 알파시티점,대구 수성구 알파시티2로 24 102호,(지번) 시지동 584,35.83957598,128.6918297,고산2동,
카페달달,대구 수성구 알파시티2로 20 1층,(지번) 시지동 583-3,35.83950428,128.691591,고산2동,
마이리틀퐁,대구 수성구 천을로 36 1층,(지번) 시지동 146-6,35.84475066,128.6946418,고산2동,
아틀리에빈 노변점,대구 수성구 노변공원로 43,(지번) 시지동 500,35.83809569,128.6984462,고산2동,
템푸스커피,대구 수성구 달구벌대로 3099 1층,(지번) 시지동 130-4,35.84319323,128.6962129,고산2동,
마노커피,대구 수성구 알파시티2로12길 16-14 1층,(지번) 시지동 594-4,35.83683853,128.6934342,고산2동,
라포미 시지점3호,대구 수성구 달구벌대로 3102,(지번) 시지동 462-138,35.84257925,128.6960813,고산2동,
커피마마 노변점,대구 수성구 시지로 55 상가 1동 202호,(지번) 시지동 498,35.83816085,128.6960922,고산2동,
닥터커피,대구 수성구 알파시티2로 19 알파N시티 1층,(지번) 시지동 579-3,35.83988565,128.6914174,고산2동,
토리커피,대구 수성구 노변공원로 23,(지번) 시지동 503,35.8399396,128.6988662,고산2동,
디오디커피,대구 수성구 노변공원로3길 7,(지번) 시지동 506-6,35.84061405,128.6997484,고산2동,
셀프바리스타 시지점,대구 수성구 시지로3길 66-10,(지번) 시지동 383-9,35.84155963,128.6958193,고산2동,
반할커피 시지점,대구 수성구 노변공원로 23 101호,(지번) 시지동 503-4,35.8399396,128.6988662,고산2동,
무인다방 대구시지점,대구 수성구 달구벌대로 3134 1층,(지번) 시지동 314-6,35.84172833,128.6997845,고산2동,
카페101,대구 수성구 시지로 41 1층,(지번) 시지동 488-15,35.84003505,128.6938484,고산2동,
라우디,대구 수성구 시지로 31 1층,(지번) 시지동 488-14,35.84011209,128.6930624,고산2동,
더하트2016커피,대구 수성구 시지로 10,(지번) 시지동 239,35.84198386,128.6921458,고산2동,
인D커피,대구 수성구 달구벌대로622길 3,(지번) 시지동 258-9,35.84204293,128.6976234,고산2동,
카페꽃이피다 시지점,대구 수성구 노변공원로 7 1층,(지번) 시지동 508-3,35.84138009,128.6991383,고산2동,
몬스터커피 알파시티점,대구 수성구 알파시티2로 23 1층,(지번) 시지동 579-5,35.83995711,128.6916413,고산2동,
더로즈,대구 수성구 알파시티2로 64 수성에비뉴 1층 104호,(지번) 시지동 596-2,35.83723279,128.6940214,고산2동,
프리울리,대구 수성구 시지로 55 상가2동 1층 103호,(지번) 시지동 498,35.83816085,128.6960922,고산2동,
카페플랜 시지점,대구 수성구 달구벌대로 3122 고산역화성파크드림 상가 101동 1층 109호,(지번) 시지동 600,35.84199608,128.698515,고산2동,
바바빈,대구 수성구 달구벌대로621길 6,(지번) 시지동 49-8,35.84353063,128.697271,고산2동,
만렙커피 대구시지점,대구 수성구 알파시티2로 19,(지번) 시지동 579,35.83988565,128.6914174,고산2동,
에잇코너스,대구 수성구 천을로 6,(지번) 시지동 169-6,35.84362334,128.692373,고산2동,
혜윰생각,대구 수성구 천을로 42,(지번) 시지동 76-3,35.84474406,128.6951291,고산2동,
커피NO.5,대구 수성구 노변공원로7길 3,(지번) 시지동 500-5,35.83792921,128.6987553,고산2동,
카페플러스알파,대구 수성구 알파시티2로9길 8,(지번) 시지동 589-3,35.83893012,128.693916,고산2동,
카페키다리,대구 수성구 천을로 70,(지번) 시지동 41,35.84480743,128.6982414,고산2동,
아티잔,대구 수성구 시지로 10 1층,(지번) 시지동 239,35.84198386,128.6921458,고산2동,
달콤푸릇 시지점,대구 수성구 노변공원로 22,(지번) 시지동 509,35.84036587,128.6974548,고산2동,
커피마시로,대구 수성구 달구벌대로617길 10,(지번) 시지동 134-3,35.84382324,128.6958659,고산2동,
컵스쿠쿠,대구 수성구 노변공원로 11-1,(지번) 시지동 508-6,35.84096168,128.6990431,고산2동,
카페레 써Cafe Lesser,대구 수성구 알파시티2로 18,(지번) 시지동 583-2,35.83945557,128.6914023,고산2동,
구스토빈,대구 수성구 노변공원로3길 2-13,(지번) 시지동 502,35.83968698,128.699098,고산2동,
온기에반하다,대구 수성구 달구벌대로622길 3 2층,(지번) 시지동 258-9,35.84204293,128.6976234,고산2동,
더커피,대구 수성구 천을로8길 5,(지번) 시지동 80,35.84456379,128.6955661,고산2동,
다온,대구 수성구 노변공원로 43 1층,(지번) 시지동 500,35.83809569,128.6984462,고산2동,
마주하다,대구 수성구 천을로8길 1,(지번) 시지동 78-1,35.84469768,128.6953567,고산2동,
굿아프리칸,대구 수성구 천을로 70,(지번) 시지동 41,35.84480743,128.6982414,고산2동,
주식회사 윈넷,대구 수성구 고모로 15-1,(지번) 시지동 196-15,35.84384927,128.6879393,고산2동,
봄봄 고산점,대구 수성구 천을로 91 301동 1층 102호,(지번) 시지동 28,35.84486616,128.6998865,고산2동,
초심스터디카페 알파시티점,대구 수성구 알파시티2로 28 3층,(지번) 시지동 584-2,35.83968326,128.6922298,고산2동,
카페마테라,대구 수성구 달구벌대로617길 7,(지번) 시지동 135-4,35.84382483,128.6955558,고산2동,
스터디메이트스터디카페,대구 수성구 달구벌대로 3102,(지번) 시지동 462-138,35.84257925,128.6960813,고산2동,
두웰스터디카페,대구 수성구 천을로 91,(지번) 시지동 28,35.84486616,128.6998865,고산2동,
더이룸스터디카페 시지센터,대구 수성구 달구벌대로 3114 3층,(지번) 시지동 258-4,35.84231468,128.6974466,고산2동,
스터디카페구겐하임 고산점,대구 수성구 알파시티2로 37,(지번) 시지동 587-2,35.83940549,128.6930386,고산2동,
작심스터디카페 대구고산점,대구 수성구 시지로 50-1 3층,(지번) 시지동 489-5,35.83944684,128.6938898,고산2동,
ㅁㅛㅇ반찬 한식까페,대구 수성구 노변공원로3길 6,(지번) 시지동 505,35.84043785,128.6995597,고산2동,
더이룸스터디카페,대구 수성구 알파시티2로 33 2층,(지번) 시지동 587,35.83972893,128.6929729,고산2동,
아우프나우트,대구 수성구 달구벌대로 3256 1층,(지번) 신매동 184,35.83770731,128.7119381,고산1동,
스타벅스 대구시지점,대구 수성구 달구벌대로 3216,(지번) 신매동 567-43,35.8395054,128.708019,고산1동,
켑트커피,대구 수성구 달구벌대로650길 15 1층,(지번) 신매동 144,35.83684269,128.7105573,고산1동,
카페아이올리,대구 수성구 달구벌대로652길 16 1,(지번) 신매동 149-4,35.83669904,128.7109379,고산1동,
투썸플레이스 대구시지점,대구 수성구 달구벌대로645길 11,(지번) 신매동 273,35.8403986,128.709842,고산3동,
설빙 시지점,대구 수성구 고산로 102-4,(지번) 신매동 567-34,35.83945031,128.7054089,고산1동,
1LL 신매점,대구 수성구 달구벌대로650길 3 1층,(지번) 신매동 222,35.83786255,128.7111175,고산1동,
커피명가 시지점,대구 수성구 달구벌대로 3204-1,(지번) 신매동 567-13,35.83979415,128.7066806,고산1동,
투썸플레이스 대구시지욱수천점,대구 수성구 욱수천로 78-1 1,(지번) 신매동 88-5,35.83510793,128.7119934,고산1동,
파스쿠찌 대구시지점,대구 수성구 신매로19길 46,(지번) 신매동 567-58,35.83948673,128.7072416,고산1동,
우드테일러스카페,대구 수성구 신매로4길 3,(지번) 신매동 588-8,35.83274701,128.7081088,고산1동,
시레나커피,대구 수성구 고산로 104-1 1층,(지번) 신매동 567-56,35.83986552,128.7051766,고산1동,
카페벨,대구 수성구 신매로16길 16-6 1층,(지번) 신매동 577-3,35.83692237,128.7097899,고산1동,
슬라블라슬라임인스,대구 수성구 달구벌대로645길 11 4층 403호,(지번) 신매동 273,35.84024143,128.709789,고산3동,
빽다방 대구신매협화점,대구 수성구 신매로 91 협화상가 113동 104호,(지번) 신매동 570,35.83748944,128.7069585,고산1동,
아틀리에빈 사월점,대구 수성구 달구벌대로 3300-5,(지번) 신매동 10-11,35.83610762,128.7161322,고산1동,
읽다익다,대구 수성구 고산로4안길 33-10 1층,(지번) 신매동 607-3,35.83105682,128.7043794,고산1동,
공차 대구시지점,대구 수성구 달구벌대로 3204 1층,(지번) 신매동 567-60,35.83994183,128.7069165,고산1동,
메가MGC커피 시지신매점,대구 수성구 신매로 91 상가 111동 105호,(지번) 신매동 570,35.83748944,128.7069585,고산1동,
프린트카페 대구사월역점,대구 수성구 달구벌대로 지하 3290 사월역 지하 1층,(지번) 신매동 10-1,35.8367659,128.7153618,고산1동,
코페아커피,대구 수성구 고산로18길 5,(지번) 신매동 567-67,35.83922231,128.7052645,고산1동,
달콤커피 대구시지점,대구 수성구 고산로 102-5 2층,(지번) 신매동 567-53,35.83939264,128.7050724,고산1동,
리더스커피,대구 수성구 달구벌대로 3204 7층,(지번) 신매동 567-60,35.83994183,128.7069165,고산1동,
카페캔버스 신매점,대구 수성구 달구벌대로649길 14 아이프라임신매아파트 상가동 302동 1층 102호,(지번) 신매동 230,35.83890959,128.712362,고산3동,
플로미슈X아제트,대구 수성구 신매로2길 5 1층,(지번) 신매동 592-9,35.83161864,128.7079295,고산1동,
카페봄봄 시지점,대구 수성구 신매로19길 54,(지번) 신매동 567-41,35.83956328,128.7068009,고산1동,
커피랑도서관 대구시지점,대구 수성구 달구벌대로 3220 2층,(지번) 신매동 567-20,35.83922441,128.7085794,고산1동,
더벤티 시지매호점,대구 수성구 달구벌대로647길 16 401동 108호,(지번) 신매동 263,35.8395411,128.7118565,고산3동,
아마스빈 대구시지점,대구 수성구 신매로19길 23-5,(지번) 신매동 568-8,35.83888073,128.7072477,고산1동,
청솔로9 시지점,대구 수성구 달구벌대로647길 7,(지번) 신매동 279-1,35.83975562,128.7103282,고산3동,
다올,대구 수성구 고산로4길 82,(지번) 신매동 606-5,35.83068976,128.7058798,고산1동,
카페마테라,대구 수성구 달구벌대로 3266,(지번) 신매동 170,35.83725232,128.7129182,고산1동,
컴포즈커피 대구사월역점,대구 수성구 달구벌대로 3294 1층 103호,(지번) 신매동 10-7,35.83639306,128.7158887,고산1동,
테리커피,대구 수성구 달구벌대로652길 11-5,(지번) 신매동 193-5,35.83672574,128.7123024,고산1동,
도도,대구 수성구 달구벌대로650길 62 1층,(지번) 신매동 589-5,35.83322066,128.7087856,고산1동,
음,대구 수성구 달구벌대로 3260-4 1층,(지번) 신매동 193-3,35.83688649,128.7123664,고산1동,
더리터 시지사월점,대구 수성구 달구벌대로649길 21,(지번) 신매동 255-1,35.84038258,128.7124946,고산3동,
코모도커피,대구 수성구 달구벌대로647길 20-9 명문빌딩 1층,(지번) 신매동 256,35.8403169,128.7122916,고산3동,
달콤한 피아노,대구 수성구 달구벌대로651길 8 5층,(지번) 신매동 236-5,35.83823694,128.7134211,고산3동,
카페레트로,대구 수성구 신매로19길 60-1 1,(지번) 신매동 567-38,35.83975435,128.7064121,고산1동,
제이드데이,대구 수성구 달구벌대로651길 12 1층,(지번) 신매동 236-3,35.83848921,128.7136329,고산3동,
제일구락부 시지점,대구 수성구 신매로19길 8,(지번) 신매동 567-37,35.83870829,128.7084115,고산1동,
알리바바 무인로봇카페 대구수성점,대구 수성구 달구벌대로650길 68 1층,(지번) 신매동 589-10,35.83276037,128.70857,고산1동,
커피그리고,대구 수성구 신매로8길 10 1층,(지번) 신매동 584,35.83452524,128.7090575,고산1동,
미스터팥집 시지점,대구 수성구 고산로 104-2,(지번) 신매동 567-62,35.83977648,128.7055451,고산1동,
탑리터 시지점,대구 수성구 신매로 24 1층,(지번) 신매동 593-8,35.83173223,128.7073747,고산1동,
매스커피 신매역점,대구 수성구 달구벌대로 3188 1층 110호,(지번) 신매동 567,35.84032058,128.7052157,고산1동,
조예빈라이브,대구 수성구 신매로19길 70 2층,(지번) 신매동 567-7,35.83974249,128.7057497,고산1동,
나비드,대구 수성구 달구벌대로650길 70,(지번) 신매동 591,35.83250481,128.7084936,고산1동,
돌페리,대구 수성구 고산로4길 14 1층,(지번) 신매동 596-2,35.83266882,128.7044328,고산1동,
커피인피니티,대구 수성구 신매로4길 8-5,(지번) 신매동 591-3,35.83213826,128.7083773,고산1동,
디저트엘,대구 수성구 달구벌대로647길 20-9 명문빌딩 1층,(지번) 신매동 256,35.8403169,128.7122916,고산3동,
반코,대구 수성구 달구벌대로650길 58 1층,(지번) 신매동 589-1,35.83356935,128.708897,고산1동,
요거트월드 시지점,대구 수성구 달구벌대로 3188 아레나스포츠센터 1층 104호,(지번) 신매동 567,35.84032058,128.7052157,고산1동,
이와같이,대구 수성구 달구벌대로650길 5-8,(지번) 신매동 217,35.83765551,128.7116582,고산1동,
모마,대구 수성구 달구벌대로649길 20,(지번) 신매동 255-9,35.84010472,128.7127757,고산3동,
더테이블,대구 수성구 고산로4길 26,(지번) 신매동 596-5,35.83254168,128.7047945,고산1동,
천미리다방 시지점,대구 수성구 신매로 7,(지번) 신매동 603,35.83034724,128.7065592,고산1동,
카페1234,대구 수성구 고산로12길 34 시지에덴타운 상가 1층 105호,(지번) 신매동 594-1,35.83390407,128.7059963,고산1동,
더드림커피 대구신매점,대구 수성구 신매로 60,(지번) 신매동 586-4,35.83467887,128.7082156,고산1동,
아틀리에빈 신매점,대구 수성구 달구벌대로 3249,(지번) 신매동 261-16,35.8384866,128.7116856,고산3동,
츄러스 1500 대구시지점,대구 수성구 신매로4길 4-15,(지번) 신매동 592-8,35.83165202,128.7077934,고산1동,
안단테,대구 수성구 달구벌대로647길 19,(지번) 신매동 267-3,35.84067155,128.7110669,고산3동,
이레커피,대구 수성구 달구벌대로650길 5-8 1층,(지번) 신매동 217,35.83765551,128.7116582,고산1동,
카페봄봄 시지퍼스트점,대구 수성구 달구벌대로 3294,(지번) 신매동 10-7,35.83639306,128.7158887,고산1동,
소피아네,대구 수성구 고산로4안길 8,(지번) 신매동 597-16,35.83243684,128.7038312,고산1동,
파즈커피,대구 수성구 달구벌대로650길 11 신매교회 C동 1층,(지번) 신매동 209,35.83719641,128.7108719,고산1동,
떼데움커피연구소,대구 수성구 신매로4길 8-11,(지번) 신매동 591-6,35.83181499,128.7082724,고산1동,
길다방,대구 수성구 신매로16길 32,(지번) 신매동 573-5,35.83782723,128.7095911,고산1동,
미리지구(MIRlJIGU),대구 수성구 신매로16길 16-11,(지번) 신매동 576-9,35.83704442,128.7102373,고산1동,
모모베이커리카페,대구 수성구 신매로 91 시지삼주한라협화타운 113동 105호,(지번) 신매동 570,35.83748944,128.7069585,고산1동,
카페맑음,대구 수성구 달구벌대로 3280 시지효성백년가약1단지 301동 128호,(지번) 신매동 30-5,35.83671515,128.7148014,고산1동,
요거드숑,대구 수성구 신매로16길 16-5 1층,(지번) 신매동 576-12,35.83712966,128.7098324,고산1동,
카페 블루밍,대구 수성구 신매로 28 1층,(지번) 신매동 593-6,35.83196766,128.7074466,고산1동,
커피판다,대구 수성구 신매로19길 4 자산빌딩 2층,(지번) 신매동 567-49,35.83864261,128.708753,고산1동,
커피데이시지,대구 수성구 달구벌대로 3190,(지번) 신매동 567-9,35.8402251,128.7057208,고산1동,
투더디프런트 대구시지광장점,대구 수성구 신매로19길 56 2층,(지번) 신매동 567-42,35.83959897,128.7066358,고산1동,
카페리부트,대구 수성구 고산로4안길 66-2 1층 101호,(지번) 신매동 608-8,35.83039835,128.7047873,고산1동,
아틀리에빈 시지광장점,대구 수성구 신매로19길 30 트윈빌딩 A동 7층,(지번) 신매동 567-19,35.83916572,128.7081756,고산1동,
다담,대구 수성구 고산로 70,(지번) 신매동 580,35.83728085,128.7047163,고산1동,
카페오딜리,대구 수성구 달구벌대로650길 37,(지번) 신매동 138-1,35.83520073,128.7098238,고산1동,
에이피엠,대구 수성구 달구벌대로 3294 시지퍼스트 121호,(지번) 신매동 10-7,35.83639306,128.7158887,고산1동,
마이본 시지점,대구 수성구 달구벌대로650길 51,(지번) 신매동 128-1,35.83412387,128.7094699,고산1동,
떼데움,대구 수성구 달구벌대로650길 13-13,(지번) 신매동 210,35.83740967,128.711368,고산1동,
엣홈,대구 수성구 고산로4길 20,(지번) 신매동 596-4,35.83261069,128.7046871,고산1동,
레전드라이브,대구 수성구 신매로19길 70,(지번) 신매동 567-7,35.83974249,128.7057497,고산1동,
카페트로스트,대구 수성구 달구벌대로641길 4-8,(지번) 신매동 368-5,35.84047412,128.7087176,고산3동,
포킹,대구 수성구 고산로18길 21,(지번) 신매동 568-6,35.83896283,128.7066634,고산1동,
커피지베,대구 수성구 신매로16길 56-15,(지번) 신매동 574-6,35.83756747,128.7099818,고산1동,
리터 킹 직영1호점,대구 수성구 달구벌대로649길 22-7,(지번) 신매동 246-8,35.83965773,128.7139782,고산3동,
박스커피,대구 수성구 달구벌대로645길 11,(지번) 신매동 273,35.84024143,128.709789,고산3동,
스탑&고,대구 수성구 고산로4안길 91,(지번) 신매동 606-8,35.8305504,128.7061432,고산1동,
카페퍼즈,대구 수성구 달구벌대로 3280-1,(지번) 신매동 30-6,35.8357377,128.7138729,고산1동,
커피리빌트,대구 수성구 고산로 14,(지번) 신매동 597-6,35.83213166,128.7036068,고산1동,
웁스,대구 수성구 고산로 10,(지번) 신매동 597-9,35.83180266,128.703562,고산1동,
BK스터디,대구 수성구 달구벌대로 3261 보광빌딩,(지번) 신매동 231-1,35.83794435,128.7129847,고산3동,
제이에이치홀딩스,대구 수성구 신매로19길 8,(지번) 신매동 567-37,35.83870829,128.7084115,고산1동,
토모,대구 수성구 고산로18길 11,(지번) 신매동 568-1,35.83912291,128.7058361,고산1동,
미쓰롱,대구 수성구 달구벌대로 3294 시지퍼스트 1동 104호,(지번) 신매동 10-7,35.83639306,128.7158887,고산1동,
라이크유,대구 수성구 달구벌대로647길 16,(지번) 신매동 263,35.8395411,128.7118565,고산3동,
플로미슈아제트,대구 수성구 신매로2길 5 1층,(지번) 신매동 592,35.83161864,128.7079295,고산1동,
아레나스포츠센터 커피솝,대구 수성구 달구벌대로 3188,(지번) 신매동 567,35.84032058,128.7052157,고산1동,
텐퍼센트커피 대구신매역점,대구 수성구 고산로 96,(지번) 신매동 567-55,35.8393007,128.7047821,고산1동,
카페드엘,대구 수성구 고산로4길 74,(지번) 신매동 606-2,35.83078346,128.7054941,고산1동,
커피로뎀,대구 수성구 달구벌대로647길 7,(지번) 신매동 279-1,35.83975562,128.7103282,고산3동,
리부트,대구 수성구 고산로4안길 66-2 1층,(지번) 신매동 608-8,35.83039835,128.7047873,고산1동,
CAFE RETRO,대구 수성구 신매로19길 60-1,(지번) 신매동 567,35.83975435,128.7064121,고산1동,
소피아네,대구 수성구 고산로4안길 31,(지번) 신매동 599-7,35.83139959,128.7039429,고산1동,
바리스타허창율,대구 수성구 달구벌대로 3304-1,(지번) 신매동 46,35.8352548,128.71581,고산1동,
카페벙커 신매청춘점,대구 수성구 신매로4길 6,(지번) 신매동 592,35.83258129,128.7080583,고산1동,
클래시듀드,대구 수성구 달구벌대로569길 1,(지번) 연호동 21-10,35.84750463,128.6710573,고산2동,
더플레이그라운드로스터리카페 (휴업중),대구 수성구 달구벌대로569길 10 1층,(지번) 연호동 24,35.84750102,128.6721264,고산2동,
팔레트카페,대구 수성구 욱수길 11,(지번) 욱수동 115,35.82833676,128.7060235,고산1동,
카페욱수,대구 수성구 욱수길 29,(지번) 욱수동 108-3,35.82683914,128.7058412,고산1동,
이디야커피 대구시지고교점,대구 수성구 달구벌대로650길 95 연암빌딩 1층,(지번) 욱수동 228-2,35.83022375,128.7081217,고산1동,
푸푸커피,대구 수성구 유니버시아드로 341 1층 101호,(지번) 욱수동 127,35.82947428,128.7078867,고산1동,
카페하늘 민들레,대구 수성구 유니버시아드로 364,(지번) 욱수동 699,35.82782899,128.7095027,고산1동,
라프루따,대구 수성구 달구벌대로652길 75,(지번) 욱수동 231-3,35.83153084,128.7088443,고산1동,
아쿠아카페 노을,대구 수성구 달구벌대로650길 97-1,(지번) 욱수동 227-20,35.82997116,128.7081917,고산1동,
풍경,대구 수성구 달구벌대로652길 65,(지번) 욱수동 240-5,35.83232953,128.7097551,고산1동,
카페빈 욱수점,대구 수성구 달구벌대로652길 71-10,(지번) 욱수동 219,35.83087115,128.7091149,고산1동,
디센트,대구 수성구 유니버시아드로 322-1,(지번) 욱수동 118-10,35.82934618,128.7058351,고산1동,
아쿠페,대구 수성구 달구벌대로650길 97-1,(지번) 욱수동 227-20,35.82997116,128.7081917,고산1동,
아쿠페로스터즈,대구 수성구 달구벌대로650길 97-1,(지번) 욱수동 227-20,35.82997116,128.7081917,고산1동,
아틀리에빈,대구 수성구 달구벌대로652길 71-10,(지번) 욱수동 219,35.83087115,128.7091149,고산1동,
위너스스터디카페,대구 수성구 달구벌대로650길 57,(지번) 욱수동 263-4,35.8335768,128.709231,고산3동,
프리미엄 스터디 카페,대구 수성구 달구벌대로650길 91,(지번) 욱수동 228-3,35.83045096,128.7082077,고산1동,
플라워&커피어울림,대구 수성구 달구벌대로568길 31,(지번) 이천동 92-2,35.84594154,128.6668138,고산2동,
오아,대구 수성구 달구벌대로 2811,(지번) 이천동 54-5,35.85028231,128.6674507,고산2동,
스타벅스 대구중동DT점,대구 수성구 수성로 243,(지번) 중동 316-3,35.84736439,128.6125253,중동,
스타벅스 대구중동네거리DT점,대구 수성구 청수로 51,(지번) 중동 184-4,35.8409094,128.6139285,중동,
르고메드파리16,대구 수성구 희망로 123,(지번) 중동 316,35.8472523,128.61228,중동,
엔제리너스 대구중동점,대구 수성구 수성로 233,(지번) 중동 322-14,35.84642332,128.6125126,중동,
우드띠어리 중동직영점,대구 수성구 청수로 24,(지번) 중동 416-8,35.84038823,128.6107217,중동,
이디야커피 대구중동점,대구 수성구 수성로 190 1층,(지번) 중동 176-2,35.84236866,128.6126777,중동,
앤드커피,대구 수성구 들안로 131 1층,(지번) 중동 190-8,35.84149868,128.616434,중동,
카페봄봄 중동점,대구 수성구 수성로 210,(지번) 중동 101,35.8441279,128.6127693,중동,
텐퍼센트커피 대구수성골드클래스점,대구 수성구 수성로 185,(지번) 중동 356-7,35.84290502,128.6111325,중동,
디보트커피,대구 수성구 청수로9길 40 1층,(지번) 중동 160-5,35.84230969,128.6136467,중동,
토끼야놀자,대구 수성구 청수로 28 2층,(지번) 중동 411-4,35.8405274,128.6110687,중동,
더리터 수성골드클래스점,대구 수성구 수성로 185 상가 101호,(지번) 중동 650,35.84290502,128.6111325,중동,
12파운드 중동점,대구 수성구 청수로9길 30,(지번) 중동 173-3,35.8417821,128.6137384,중동,
리즈카페,대구 수성구 수성로 262,(지번) 중동 31-3,35.84877053,128.6132974,중동,
커피명가 효성병원점,대구 수성구 수성로 194 효성병원 1층,(지번) 중동 105-1,35.84283406,128.6127746,중동,
버터석,대구 수성구 수성로 214 지하1층,(지번) 중동 100-2,35.84452922,128.6129748,중동,
오하커피,대구 수성구 청수로 27,(지번) 중동 417-59,35.84110633,128.6109716,중동,
수정커피숍,대구 수성구 들안로 207-1,(지번) 중동 43-21,35.84855054,128.6164301,중동,
도노커피,대구 수성구 청수로 22-12,(지번) 중동 593-2,35.8402787,128.6103482,중동,
커피플로리안,대구 수성구 수성로 211,(지번) 중동 261-5,35.8443607,128.6123511,중동,
여가투고,대구 수성구 청수로1길 12,(지번) 중동 565-4,35.84171606,128.6086839,중동,
혜윰커피,대구 수성구 수성로46길 21 1층,(지번) 중동 71-1,35.84619567,128.613628,중동,
더블랜드,대구 수성구 청수로4길 19,(지번) 중동 595-2,35.83990948,128.6102291,중동,
개나리다방,대구 수성구 수성로41길 50,(지번) 중동 545-4,35.84474993,128.6097284,중동,
매머드익스프레스 대구중동,대구 수성구 수성로 216,(지번) 중동 99-3,35.84471461,128.6129863,중동,
미스터카페,대구 수성구 수성로41길 50,(지번) 중동 545-4,35.84474993,128.6097284,중동,
하바나익스프레스 대동점,대구 수성구 청수로9길 30,(지번) 중동 173-3,35.8417821,128.6137384,중동,
화이트고릴라커피,대구 수성구 수성로 249-12,(지번) 중동 313-2,35.84789278,128.6121054,중동,
라푸르따,대구 수성구 수성로 201,(지번) 중동 358-9,35.84344483,128.6122794,중동,
카페얌,대구 수성구 들안로 193,(지번) 중동 44-1,35.84729608,128.6164418,중동,
슬립리스인시애틀 수성보건소점,대구 수성구 수성로 211,(지번) 중동 261-5,35.8443607,128.6123511,중동,
ES커피,대구 수성구 청수로 26,(지번) 중동 412-1,35.8404965,128.6109535,중동,
하바나커피,대구 수성구 수성로 252,(지번) 중동 32-3,35.84795812,128.6133334,중동,
레드커피,대구 수성구 수성로38길 12,(지번) 중동 175-5,35.84245156,128.6131613,중동,
데우스커피,대구 수성구 동대구로14길 15-6 2층,(지번) 지산동 956-3,35.83726095,128.6252657,지산1동,
IWLT,대구 수성구 동대구로8길 12,(지번) 지산동 1049-10,35.83374754,128.6245277,지산1동,
위드모데스티,대구 수성구 동대구로14길 41 1층,(지번) 지산동 960-9,35.83706649,128.6264304,지산1동,
슬로울리인무학,대구 수성구 무학로 187 녹원아파트 상가5동 1,(지번) 지산동 761-8,35.83085471,128.6288134,지산1동,
바우어,대구 수성구 용학로 361 1층,(지번) 지산동 98-4,35.82670567,128.6434789,지산1동,
스타벅스 대구황금DT,대구 수성구 청수로 164,(지번) 지산동 941,35.83907786,128.6259028,지산1동,
백금당 대구지산점,대구 수성구 무학로27길 47 1층,(지번) 지산동 1002-6,35.83453027,128.6247415,지산1동,
커피명가 지산점,대구 수성구 지범로 167 지산메디지오 15층,(지번) 지산동 1276-5,35.82237318,128.6382831,지산1동,
투썸플레이스 지산광장점,대구 수성구 용학로 297-7 1,(지번) 지산동 1288-7,35.82225436,128.6398528,지산1동,
포레스트26,대구 수성구 청호로22길 125,(지번) 지산동 26,35.83247642,128.6469913,지산1동,
다이브,대구 수성구 청수로40길 48,(지번) 지산동 975-1,35.83732579,128.6296529,지산1동,
랩에쏘,대구 수성구 청수로36길 70-24,(지번) 지산동 990-3,35.83627697,128.6256003,지산1동,
조조스커피클럽,대구 수성구 지범로17길 98,(지번) 지산동 1138-8,35.82872672,128.6280968,지산1동,
브마롱,대구 수성구 동대구로14길 29 1층,(지번) 지산동 957-13,35.83707693,128.6258118,지산1동,
크래키,대구 수성구 무학로29길 30 1층,(지번) 지산동 1065-12,35.83166124,128.6257117,지산1동,
차우림,대구 수성구 지산로9길 22 1층,(지번) 지산동 1262-12,35.82575319,128.632363,지산1동,
모든순간,대구 수성구 지범로17길 4,(지번) 지산동 633-9,35.82601764,128.6311182,지산1동,
코트니마켓,대구 수성구 용학로 172 남정빌딩 1층,(지번) 지산동 1188,35.82247999,128.6277243,지산2동,
클랑,대구 수성구 용학로 242 1층,(지번) 지산동 1205-2,35.82019927,128.6348083,지산2동,
투썸플레이스 대구TBC점,대구 수성구 동대구로 36 1층,(지번) 지산동 1051,35.83347233,128.6240752,지산1동,
호작질 지산점,대구 수성구 동대구로6길 32,(지번) 지산동 1064-17,35.8320728,128.6255252,지산1동,
메가MGC커피 지산범물점,대구 수성구 용학로 214,(지번) 지산동 1199,35.82117955,128.6317441,지산2동,
만화카페팬더하우스 수성못점,대구 수성구 용학로 170,(지번) 지산동 1187-26,35.82257508,128.6274168,지산2동,
공차 대구황금점,대구 수성구 청수로 176 1층,(지번) 지산동 930-3,35.83879536,128.62736,지산1동,
커피맛을 조금아는남자 지산점,대구 수성구 지산로 48 지산청구타운상가 1층,(지번) 지산동 1270,35.82466738,128.6340095,지산1동,
하바나커피,대구 수성구 지범로31길 8,(지번) 지산동 1288-14,35.82241094,128.6391821,지산1동,
15구역,대구 수성구 동대구로14길 96,(지번) 지산동 976-15,35.83665147,128.6294467,지산1동,
쥬씨 지산범물점,대구 수성구 지범로 167 1층,(지번) 지산동 1276-5,35.82237318,128.6382831,지산1동,
육공맨션,대구 수성구 무학로29길 28-9,(지번) 지산동 1065-27,35.83163297,128.6261497,지산1동,
공차 대구범물점,대구 수성구 지범로 180 1층,(지번) 지산동 1275-7,35.82129321,128.6389075,지산2동,
애드업,대구 수성구 동대구로20길 8,(지번) 지산동 950-7,35.83869286,128.6247793,지산1동,
컴파운드마켓,대구 수성구 청수로40길 53 1층,(지번) 지산동 894-16,35.83702033,128.6300092,지산1동,
카페봄봄 범물점,대구 수성구 지범로 183 시티월드 1층 107호,(지번) 지산동 1288-30,35.8215522,128.6396605,지산1동,
이디야커피 대구지산녹원점,대구 수성구 무학로 187,(지번) 지산동 761-8,35.83085471,128.6288134,지산1동,
카페콤마,대구 수성구 무학로29길 2 1층,(지번) 지산동 1065-94,35.83052365,128.6256106,지산1동,
코디깅베이크샵,대구 수성구 무학로31길 40 1층,(지번) 지산동 1035-1,35.83213765,128.6267658,지산1동,
쭈롱베이크샵,대구 수성구 청수로40길 76-13,(지번) 지산동 980,35.83590242,128.6289557,지산1동,
동백키친,대구 수성구 지범로 45-9 1층,(지번) 지산동 1160-17,35.82694767,128.6271397,지산2동,
이런커피,대구 수성구 청수로38길 29 1층,(지번) 지산동 968-4,35.83751634,128.6281403,지산1동,
파이널나인 지산점,대구 수성구 용학로 293-10 2층,(지번) 지산동 1288-12,35.82214576,128.6395236,지산1동,
카페봄봄 목련시장점,대구 수성구 용학로 224,(지번) 지산동 1199-5,35.82089164,128.632792,지산2동,
스카이점핑랜드 지산점,대구 수성구 지범로 167 지산메디지오 9층,(지번) 지산동 1276-5,35.82237318,128.6382831,지산1동,
반려동물과함께,대구 수성구 동대구로 36 2층,(지번) 지산동 1051,35.83347233,128.6240752,지산1동,
타샤커피,대구 수성구 청수로38길 52 1층,(지번) 지산동 985-10,35.8365751,128.6277275,지산1동,
예담청,대구 수성구 동대구로14길 77 1층,(지번) 지산동 970-1,35.83691064,128.628509,지산1동,
오퓰런트,대구 수성구 용학로25안길 21,(지번) 지산동 1181-22,35.82383554,128.6265765,지산2동,
바이썬 하이문,대구 수성구 무학로27길 29,(지번) 지산동 1047-2,35.8329712,128.6246017,지산1동,
1994커피,대구 수성구 지범로 58,(지번) 지산동 1161-10,35.82599536,128.626972,지산2동,
카페지봉,대구 수성구 지산로14길 122-6,(지번) 지산동 1294,35.82524453,128.6399257,지산1동,
더리터 지산점,대구 수성구 지범로 167 102호,(지번) 지산동 1276-5,35.82237318,128.6382831,지산1동,
더브릿지투,대구 수성구 용학로 168,(지번) 지산동 1187-7,35.82251774,128.6271861,지산2동,
꿀리,대구 수성구 지범로31안길 22 1층,(지번) 지산동 1294-12,35.8253925,128.6392781,지산1동,
그로우커피,대구 수성구 동대구로6길 9 1층,(지번) 지산동 1047-11,35.83234279,128.6244051,지산1동,
해피해피해피,대구 수성구 용학로40길 5 1층,(지번) 지산동 1194-11,35.82130286,128.6302148,지산2동,
그루잠,대구 수성구 무학로 189 3동 1층 8호,(지번) 지산동 761,35.83094087,128.6305529,지산1동,
캔버스 목련시장점,대구 수성구 용학로 226,(지번) 지산동 1204,35.82080934,128.6330858,지산2동,
무또,대구 수성구 동대구로14길 15-20,(지번) 지산동 955-1,35.83799358,128.6253118,지산1동,
커피구락부,대구 수성구 지범로27길 22,(지번) 지산동 544-2,35.8251967,128.6376909,지산1동,
퀴르,대구 수성구 동대구로14길 15-25 1층 퀴르,(지번) 지산동 953-13,35.83820804,128.6250532,지산1동,
봉자마켓,대구 수성구 무학로35길 25 1층,(지번) 지산동 1071-2,35.83115041,128.6277801,지산1동,
카페부오노,대구 수성구 용학로30길 80,(지번) 지산동 1192-5,35.82144505,128.6292054,지산2동,
브쇼,대구 수성구 무학로31길 80,(지번) 지산동 1011-2,35.83398124,128.6269035,지산1동,
커피레드,대구 수성구 용학로 246,(지번) 지산동 1205-15,35.8201906,128.6352671,지산2동,
덴스댄스요거트,대구 수성구 용학로30길 19 1층,(지번) 지산동 1187-15,35.82251941,128.6263235,지산2동,
어벤더치커피 대구지범점,대구 수성구 지범로23길 20,(지번) 지산동 1277-9,35.82352425,128.6371367,지산1동,
60맨션,대구 수성구 무학로29길 28-9 1층,(지번) 지산동 1065-27,35.83163297,128.6261497,지산1동,
위니드,대구 수성구 무학로29길 20 1층,(지번) 지산동 1065-51,35.83123326,128.6256672,지산1동,
온기카페,대구 수성구 동대구로12길 27 1층,(지번) 지산동 993-15,35.8354887,128.625636,지산1동,
몬스터커피 지산점,대구 수성구 용학로 293 1층,(지번) 지산동 1288-9,35.82187449,128.6402123,지산1동,
로브커피,대구 수성구 용학로36길 7,(지번) 지산동 1192,35.8215467,128.6288264,지산2동,
미래견과,대구 수성구 무학로31길 70 1층,(지번) 지산동 1036-5,35.83359337,128.6268911,지산1동,
모하커피,대구 수성구 지범로 145 1층 103호,(지번) 지산동 1277-19,35.82357727,128.6364325,지산1동,
드롭탑 대구지산점,대구 수성구 지범로21길 15 청산아파트 상가동 1층 7호,(지번) 지산동 1269-1,35.82549078,128.635359,지산1동,
올리브카페,대구 수성구 지산로14안길 39,(지번) 지산동 571,35.82702263,128.6366561,지산1동,
스타지오네,대구 수성구 무학로37길 91 1층,(지번) 지산동 1016-8,35.83443735,128.6295402,지산1동,
슈미제(CHEMISER),대구 수성구 동대구로20길 26,(지번) 지산동 958-5,35.83840116,128.6257987,지산1동,
애드업(add up),대구 수성구 동대구로 20,(지번) 지산동 1054-3,35.83191754,128.6239652,지산1동,
카페차차,대구 수성구 무학로35길 99,(지번) 지산동 1012,35.83445084,128.6275607,지산1동,
손수담음,대구 수성구 동대구로14길 15-21 1층,(지번) 지산동 953-14,35.83809571,128.6250496,지산1동,
수달에프엔씨,대구 수성구 동대구로12길 45,(지번) 지산동 993-13,35.83545586,128.6266046,지산1동,
마리,대구 수성구 지범로31길 33-9 1층,(지번) 지산동 1289-1,35.82358994,128.6405069,지산1동,
로우틴커피,대구 수성구 용학로30길 5,(지번) 지산동 1187-1,35.82283384,128.6261362,지산2동,
엔조이슬라임 지산점,대구 수성구 지범로31길 35,(지번) 지산동 1290-13,35.8240957,128.6409656,지산1동,
카페나루앤마트,대구 수성구 동대구로 12,(지번) 지산동 1054-4,35.8313371,128.6239659,지산1동,
써니라이브,대구 수성구 지산로 59,(지번) 지산동 1268-17,35.82648422,128.6334892,지산1동,
힐링카페,대구 수성구 청수로38길 7-15,(지번) 지산동 915,35.83863492,128.6288791,지산1동,
한정조라이브레스토랑,대구 수성구 지범로 54,(지번) 지산동 1161-19,35.82605147,128.6266287,지산2동,
에스테반,대구 수성구 무학로 187,(지번) 지산동 761-8,35.83085471,128.6288134,지산1동,
제임스딘라이브클럽,대구 수성구 지범로 182,(지번) 지산동 1275-10,35.82107641,128.6390981,지산2동,
카페디디,대구 수성구 동대구로14길 15-10,(지번) 지산동 956-1,35.83750081,128.6252335,지산1동,
카페이루팜 지산목련점,대구 수성구 용학로30길 110,(지번) 지산동 1196,35.82093922,128.6307882,지산2동,
살롱드순카페,대구 수성구 용학로31길 12,(지번) 지산동 1245-4,35.8236117,128.6267754,지산2동,
틈카페,대구 수성구 지범로 50-1,(지번) 지산동 1161-28,35.82603186,128.6262992,지산2동,
아트바소담,대구 수성구 청수로38길 56 1층,(지번) 지산동 985-8,35.83641034,128.6277364,지산1동,
놀이터,대구 수성구 지범로 45-2,(지번) 지산동 1160-22,35.82636338,128.6270591,지산2동,
카페크림,대구 수성구 지범로 67 1층,(지번) 지산동 1157-18,35.82687972,128.6283443,지산1동,
버치브롯,대구 수성구 지산로 32 상가 B4호,(지번) 지산동 1271,35.82407591,128.6335556,지산2동,
젤코바,대구 수성구 지산로 74 1층,(지번) 지산동 718-5,35.82785449,128.6342851,지산1동,
목로스터리카페,대구 수성구 무학로31길 92,(지번) 지산동 1011-6,35.83449777,128.6269702,지산1동,
클래식커피,대구 수성구 동대구로6길 24 1층,(지번) 지산동 1058-3,35.83211076,128.6250571,지산1동,
랩2,대구 수성구 청수로34길 11 1층,(지번) 지산동 939,35.83863279,128.6263688,지산1동,
자연주의,대구 수성구 동대구로 24,(지번) 지산동 1054-1,35.83216284,128.6239106,지산1동,
코올드커피,대구 수성구 동대구로14길 43,(지번) 지산동 961-3,35.83701215,128.6266103,지산1동,
스카이,대구 수성구 용학로44길 35,(지번) 지산동 1204-7,35.82020172,128.6340322,지산2동,
카페HIH,대구 수성구 지범로31길 35 1층,(지번) 지산동 1290-13,35.8240957,128.6409656,지산1동,
크림슨래빗,대구 수성구 용학로 167-4 1층,(지번) 지산동 1242-14,35.82309912,128.6274815,지산2동,
가비커피,대구 수성구 동대구로6길 46,(지번) 지산동 1065,35.83205789,128.6263601,지산1동,
생강까는남자,대구 수성구 청수로36길 77,(지번) 지산동 986-8,35.8356703,128.6270464,지산1동,
슬로우하우스,대구 수성구 청수로 200,(지번) 지산동 911,35.83885573,128.629807,지산1동,
카페무또,대구 수성구 동대구로14길 15-20 1층,(지번) 지산동 955-1,35.83799358,128.6253118,지산1동,
에그트리,대구 수성구 지범로22길 20 지산현대맨션 109동 112호,(지번) 지산동 1272-3,35.82130543,128.6344702,지산2동,
마마지트 슬라임 촉감놀이터,대구 수성구 용학로 236 4층,(지번) 지산동 1204-6,35.82045607,128.6341348,지산2동,
레이,대구 수성구 무학로35길 25,(지번) 지산동 1071-2,35.83115041,128.6277801,지산1동,
카페오기,대구 수성구 동대구로12안길 9,(지번) 지산동 995,35.83583555,128.62481,지산1동,
J뮤직공간,대구 수성구 용학로44길 19,(지번) 지산동 1204-10,35.82051026,128.6331517,지산2동,
더커피빈스,대구 수성구 청수로40길 75,(지번) 지산동 889-1,35.83587224,128.6298859,지산1동,
티스테이,대구 수성구 지산로11길 7,(지번) 지산동 1261,35.82597582,128.6327312,지산1동,
달토끼당,대구 수성구 지범로 167,(지번) 지산동 1276-5,35.82237318,128.6382831,지산1동,
카페앤젤라,대구 수성구 지범로21길 15 1층,(지번) 지산동 1269-1,35.82549078,128.635359,지산1동,
글리코카페,대구 수성구 용학로48길 17,(지번) 지산동 1210,35.81952234,128.6353178,지산2동,
소담,대구 수성구 청수로38길 56,(지번) 지산동 985-8,35.83641034,128.6277364,지산1동,
고요의 숲,대구 수성구 파동로3길 104,(지번) 파동 168,35.8134878,128.615548,파동,
제주가는길,대구 수성구 파동로18길 51-5,(지번) 파동 250-7,35.81229178,128.6207324,파동,
이오커피,대구 수성구 파동로18길 64,(지번) 파동 286-1,35.81161929,128.6217049,파동,
더리버163,대구 수성구 파동로3길 112,(지번) 파동 162-3,35.81419908,128.6150947,파동,
비그릭,대구 수성구 파동로14길 8-2,(지번) 파동 349-7,35.81016957,128.6200912,파동,
골든베베,대구 수성구 파동로25길 38,(지번) 파동 138-18,35.81633283,128.6137725,파동,
카페보스 파동점,대구 수성구 파동로 149-4,(지번) 파동 138-69,35.81615161,128.613846,파동,
카페노리터,대구 수성구 파동로 72,(지번) 파동 506-6,35.81052746,128.6189113,파동,
카페봄봄 대구 파동점,대구 수성구 파동로 106 1층,(지번) 파동 199-2,35.81320735,128.6168722,파동,
수성구다방,대구 수성구 파동로 169-1,(지번) 파동 23-97,35.81816278,128.6130746,파동,
노디노커피로스터스,대구 수성구 파동로 141,(지번) 파동 152-13,35.81563347,128.6144888,파동,
꽃뿌리다방,대구 수성구 파동로 142,(지번) 파동 149-8,35.815881,128.6146641,파동,
라고디카페,대구 수성구 파동로25길 8-5,(지번) 파동 148-29,35.81566652,128.6141149,파동,
몬스터커피 파동점,대구 수성구 파동로 222,(지번) 파동 53,35.82377985,128.6111443,파동,
카페100,대구 수성구 파동로22길 15,(지번) 파동 1000,35.81327878,128.6180257,파동,
카페아날로그,대구 수성구 파동로 120,(지번) 파동 153,35.81396122,128.616171,파동,
약꾹옆에서,대구 수성구 파동로 250 102호,(지번) 파동 648,35.82483995,128.6103116,파동,
카페파잠리,대구 수성구 파동로48길 11 1층,(지번) 파동 50-3,35.82422682,128.6111842,파동,
커피딜라이트,대구 수성구 파동로 120 대자연1차아파트,(지번) 파동 153,35.81396122,128.616171,파동,
커피파리스,대구 수성구 파동로32길 116,(지번) 파동 73-7,35.8222651,128.6138584,파동,
커피패밀리 파동점,대구 수성구 파동로 120 13동 10호,(지번) 파동 153,35.81396122,128.616171,파동,
예쁜카페,대구 수성구 파동로 138-1 1층,(지번) 파동 150-5,35.81567203,128.6148585,파동,
카페룩스,대구 수성구 파동로 19,(지번) 파동 486-1,35.80649292,128.6213653,파동,
카페온,대구 수성구 파동로 99,(지번) 파동 199-22,35.81253351,128.6169896,파동,
이런커피,대구 수성구 고모로 120 1동 1층,(지번) 가천동 467-3,35.85236636,128.6849196,고산2동,
