식당명,주소1,주소2,위도,경도,행정동,,
제일숯불막창 본점,대구 수성구 동대구로29길 31,(지번) 황금동 841-2,35.8433075,128.6234081,황금2동,,
오리의하루,대구 수성구 청호로 235-14 1층,(지번) 황금동 349-1,35.8380251,128.6392035,황금1동,,
하늘타리 황금점,대구 수성구 동대구로 120,(지번) 황금동 543-7,35.84097105,128.6250188,황금2동,,
밤새우는닭 범어직영점,대구 수성구 범어천로 32,(지번) 황금동 675-1,35.84969155,128.6235414,황금2동,,
우연1972,대구 수성구 동대구로38길 33,(지번) 황금동 651,35.84759944,128.6265608,황금2동,,
대구뭉티기,대구 수성구 희망로36길 130-11,(지번) 황금동 796-5,35.84445326,128.6225041,황금2동,,
브라더막창,대구 수성구 동대구로29길 40,(지번) 황금동 838-1,35.84297939,128.622701,황금2동,,
우리소가든,대구 수성구 청수로 91-6,(지번) 황금동 889-11,35.8407558,128.6183936,황금2동,,
산갈래닭갈비 황금점,대구 수성구 범어천로 32-1,(지번) 황금동 675-4,35.84981853,128.623574,황금2동,,
램스,대구 수성구 범어천로 18,(지번) 황금동 681-3,35.84862462,128.6237398,황금2동,,
명동식육식당,대구 수성구 희망로 218-1,(지번) 황금동 773-12,35.84617494,128.6227137,황금2동,,
황금한우숯불갈비살,대구 수성구 범어천로 25-1,(지번) 황금동 703-11,35.8493352,128.6229311,황금2동,,
제주명성돈,대구 수성구 범어천로 22,(지번) 황금동 680-12,35.84901842,128.6235064,황금2동,,
바베큐하우스오크,대구 수성구 청호로 242-1,(지번) 황금동 249-2,35.83909809,128.6401936,황금1동,,
원조선산대한곱창 수성점,대구 수성구 범어천로 23-3,(지번) 황금동 702-1,35.8489714,128.6228648,황금2동,,
구오돼지,대구 수성구 들안로32길 109 상가1층,(지번) 황금동 796-8,35.84423388,128.6230071,황금2동,,
코끼리식육식당 황금점,대구 수성구 청수로 107 2층,(지번) 황금동 889-1,35.84055476,128.6200644,황금2동,,
일등양 황금점,대구 수성구 희망로 228 1층,(지번) 황금동 775-4,35.84604751,128.6236613,황금2동,,
수성족발 본점,대구 수성구 범어천로 23,(지번) 황금동 702-14,35.84895108,128.6229881,황금2동,,
봉이돌양곱창,대구 수성구 희망로 214 1층,(지번) 황금동 773-21,35.84618278,128.6220933,황금2동,,
숯댕이 숯불닭구이,대구 수성구 들안로 172 1층,(지번) 황금동 813-5,35.84525536,128.6173052,황금2동,,
수성관뭉티기,대구 수성구 희망로 169,(지번) 황금동 756,35.84693966,128.6173539,황금2동,,
대복한우리식육식당,대구 수성구 청솔로4길 60,(지번) 황금동 690-15,35.84758611,128.6236887,황금2동,,
고기만세,대구 수성구 청수로45길 48-9,(지번) 황금동 416-1,35.84252434,128.6334118,황금1동,,
오늘도찜닭 대구수성본점,대구 수성구 청솔로 36 1층,(지번) 황금동 731-27,35.84967714,128.6206578,황금2동,,
수내닭꼬치 대구황금점,대구 수성구 동대구로29길 56,(지번) 황금동 851-13,35.84225345,128.6229398,황금2동,,
박재현한우,대구 수성구 청솔로 46,(지번) 황금동 707,35.85054979,128.6207459,황금2동,,
대구상회,대구 수성구 청수로45길 48-9 1층,(지번) 황금동 418,35.84252434,128.6334118,황금1동,,
황금동삼겹살,대구 수성구 청솔로6길 15-10 1층,(지번) 황금동 702-10,35.84905919,128.6214682,황금2동,,
감성족발 대구황금점,대구 수성구 희망로36길 122 1층,(지번) 황금동 794-9,35.84474636,128.6232142,황금2동,,
두찜 대구두산황금점,대구 수성구 청솔로 23-4 1층,(지번) 황금동 725-7,35.84872093,128.6198835,황금2동,,
박가뒷고기,대구 수성구 희망로 196,(지번) 황금동 770-3,35.84633514,128.6200918,황금2동,,
미소,대구 수성구 청수로45길 163-5,(지번) 황금동 973,35.84197526,128.6316755,황금1동,,
초원한우,대구 수성구 청수로 91-6,(지번) 황금동 889-11,35.8407558,128.6183936,황금2동,,
귀신닭발 본점,대구 수성구 들안로32길 103,(지번) 황금동 796-18,35.8442174,128.6227129,황금2동,,
청춘족발 수성점,대구 수성구 들안로32길 97,(지번) 황금동 796-13,35.84424014,128.6222437,황금2동,,
전서방닭갈비,대구 수성구 청솔로 26,(지번) 황금동 731-1,35.84879766,128.6205816,황금2동,,
족발팩토리,대구 수성구 동대구로 201-8,(지번) 황금동 681-1,35.84846993,128.6239506,황금2동,,
진생삼겹살,대구 수성구 청솔로 23-2 1층,(지번) 황금동 729-10,35.8487064,128.6201256,황금2동,,
참좋은한우식육식당,대구 수성구 청솔로 26 1층,(지번) 황금동 731-1,35.84879766,128.6205816,황금2동,,
청동유황오리,대구 수성구 들안로28길 78-3,(지번) 황금동 806-10,35.84530345,128.618144,황금2동,,
박군삼겹살,대구 수성구 희망로 196,(지번) 황금동 770-3,35.84633514,128.6200918,황금2동,,
대구찜닭,대구 수성구 들안로 166-1,(지번) 황금동 814-5,35.84485322,128.6170477,황금2동,,
달구지막창 황금점,대구 수성구 동대구로 149 코아시스상가 105동 110호,(지번) 황금동 843-1,35.84371703,128.6239175,황금2동,,
승미생고기,대구 수성구 청수로25길 110-5,(지번) 황금동 880-5,35.84166074,128.6181919,황금2동,,
황금돼지뒷고기,대구 수성구 청솔로 25,(지번) 황금동 729-9,35.84884008,128.6203432,황금2동,,
한우뭉티기하시래예,대구 수성구 희망로 169,(지번) 황금동 756-7,35.84693966,128.6173539,황금2동,,
우향생고기,대구 수성구 희망로 169,(지번) 황금동 756-7,35.84693966,128.6173539,황금2동,,
패밀리찜닭 본점,대구 수성구 들안로32길 33,(지번) 황금동 809-16,35.8444751,128.6186872,황금2동,,
짱숯불아니고,대구 수성구 범어천로 23-7,(지번) 황금동 702-3,35.8489685,128.6225922,황금2동,,
송화안동찜닭,대구 수성구 청솔로 26,(지번) 황금동 731-1,35.84879766,128.6205816,황금2동,,
백번씹는삼겹살집,대구 수성구 청솔로 23-2,(지번) 황금동 729-10,35.8487064,128.6201256,황금2동,,
오늘도삼겹,대구 수성구 청솔로 36,(지번) 황금동 731-27,35.84967714,128.6206578,황금2동,,
고기파는남자,대구 수성구 청수로25길 48-18,(지번) 황금동 853-1,35.84197322,128.6209353,황금2동,,
먹어야산닭 황금본점,대구 수성구 들안로46길 8,(지번) 황금동 708-15,35.85073311,128.6173535,황금2동,,
팔공산호박오리 수성점,대구 수성구 팔현길 130,(지번) 고모동 89-1,35.86938833,128.6664836,고산2동,,
다정한,대구 수성구 고모로 187,(지번) 고모동 339-1,35.85623906,128.6786708,고산2동,,
산너머산아래,대구 수성구 고모로 349-16,(지번) 고모동 105,35.8663218,128.666202,고산2동,,
산너머그집,대구 수성구 팔현길 126-8,(지번) 고모동 88,35.86955959,128.6670123,고산2동,,
채담은,대구 수성구 노변로 75-4,(지번) 노변동 152-6,35.83811448,128.6997687,고산2동,,
달맞이,대구 수성구 고산로 75,(지번) 노변동 71-1,35.83743919,128.7037816,고산2동,,
낙동생오리 시지점,대구 수성구 노변로 101,(지번) 노변동 14-3,35.84050269,128.7005302,고산2동,,
최유선암소식육식당,대구 수성구 노변공원로 79,(지번) 노변동 334-2,35.83508885,128.6981935,고산2동,,
대구반야월막창 대구노변점,대구 수성구 노변로 69,(지번) 노변동 264-1,35.83775933,128.6999034,고산2동,,
서민갈비,대구 수성구 들안로 8-5,(지번) 두산동 172-12,35.83067446,128.6173065,두산동,,
아리조나막창,대구 수성구 용학로25길 45,(지번) 두산동 698,35.82574011,128.6247578,두산동,,
녹양구이,대구 수성구 무학로17길 21,(지번) 두산동 174-2,35.83032785,128.6176703,두산동,,
마루막창 수성점,대구 수성구 수성못2길 5,(지번) 두산동 684,35.82559509,128.6223787,두산동,,
양곱화,대구 수성구 들안로 80,(지번) 두산동 35-1,35.8370437,128.6171368,두산동,,
청통한우식육식당 두산점,대구 수성구 무학로21길 56,(지번) 두산동 187,35.83255847,128.6210195,두산동,,
동원연탄석쇠구이 황금본점,대구 수성구 청수로24길 20,(지번) 두산동 19-17,35.83910921,128.6211024,두산동,,
서화순간바지,대구 수성구 청수로 102,(지번) 두산동 12-1,35.83974184,128.6192224,두산동,,
전원숯불,대구 수성구 용학로 129,(지번) 두산동 778,35.82432492,128.6235869,두산동,,
참우양곱창 수성점,대구 수성구 수성못2길 46,(지번) 두산동 681,35.82705363,128.6240433,두산동,,
돈N돈,대구 수성구 무학로23길 47,(지번) 두산동 192-3,35.83230054,128.6216887,두산동,,
바르미명품한우센터,대구 수성구 무학로 78 2층,(지번) 두산동 522-1,35.8291364,128.6174264,두산동,,
수성아일랜드 한우명품관,대구 수성구 지범로 33 2층,(지번) 두산동 721,35.82761394,128.6252982,두산동,,
산아래,대구 수성구 용학로 132,(지번) 두산동 800,35.82392903,128.623328,두산동,,
충무로양곱창,대구 수성구 들안로 92,(지번) 두산동 36-2,35.83802434,128.6173097,두산동,,
의성남선옥식육식당,대구 수성구 들안로 94-1,(지번) 두산동 36-4,35.83826663,128.6172579,두산동,,
우야지막창 황금점,대구 수성구 청수로24길 7,(지번) 두산동 93-1,35.83953642,128.6214646,두산동,,
조선양곱창,대구 수성구 수성못2길 43,(지번) 두산동 670-3,35.8265162,128.6235292,두산동,,
오리학교,대구 수성구 용학로 68,(지번) 두산동 907,35.82599744,128.6171117,두산동,,
와촌식육식당 두산점,대구 수성구 무학로 154,(지번) 두산동 300,35.82992328,128.6253335,두산동,,
무파불,대구 수성구 무학로23길 87,(지번) 두산동 127-16,35.83409228,128.6218289,두산동,,
양반갈비,대구 수성구 무학로 101 1층,(지번) 두산동 177-14,35.83026954,128.6196111,두산동,,
막창도둑,대구 수성구 수성못2길 19 1층,(지번) 두산동 691-2,35.82534291,128.6233359,두산동,,
이경채 자인한우식육식당 대구본점,대구 수성구 들안로 74,(지번) 두산동 69-2,35.83637451,128.6172841,두산동,,
황금생고기,대구 수성구 동대구로 95 108동 1108호,(지번) 두산동 113,35.83791331,128.6226837,두산동,,
적돈 들안길점,대구 수성구 들안로 90-1 1층,(지번) 두산동 36-1,35.83790141,128.6170831,두산동,,
하양농장한우촌,대구 수성구 들안로 88,(지번) 두산동 35-5,35.83760732,128.6173139,두산동,,
황장군 들안길점,대구 수성구 들안로 28,(지번) 두산동 153-12,35.83233197,128.6171907,두산동,,
히로미찌찜닭,대구 수성구 들안로 76-1,(지번) 두산동 68-1,35.83663794,128.6171547,두산동,,
풍기삼계탕,대구 수성구 들안로 58,(지번) 두산동 138-10,35.83492719,128.6171161,두산동,,
몽연,대구 수성구 수성못6길 20-12 1층,(지번) 두산동 710-2,35.8264614,128.6247633,두산동,,
안동뒷고기리저브,대구 수성구 용학로25길 51 1층,(지번) 두산동 700,35.82604649,128.6249318,두산동,,
옛날삼겹살,대구 수성구 청수로24길 17,(지번) 두산동 91-4,35.83898811,128.6217086,두산동,,
황토오리가마구이,대구 수성구 들안로 4,(지번) 두산동 173-2,35.83011153,128.6172857,두산동,,
수원본갈비 강호본가,대구 수성구 용학로 70,(지번) 두산동 908-3,35.8261353,128.6173,두산동,,
형제옛날불고기,대구 수성구 지범로 46,(지번) 두산동 740,35.82623388,128.6257478,두산동,,
부자막창,대구 수성구 무학로21길 47,(지번) 두산동 162-13,35.83217031,128.620521,두산동,,
수성못족발유원지,대구 수성구 수성못2길 37-5,(지번) 두산동 713,35.82598897,128.6234604,두산동,,
창고43 대구수성점,대구 수성구 용학로 92-4 수성스퀘어 2층 201~203호,(지번) 두산동 863-3,35.82524681,128.6201468,두산동,,
꽃핀돈,대구 수성구 상화로 116-1 1층,(지번) 두산동 133-15,35.83506474,128.6199093,두산동,,
테트리스찜닭 본점,대구 수성구 들안로 68 4층,(지번) 두산동 69-5,35.83590132,128.6171901,두산동,,
금관한우,대구 수성구 상화로 100 1층,(지번) 두산동 135-7,35.83495282,128.6179366,두산동,,
육대가,대구 수성구 들안로 70,(지번) 두산동 69-4,35.83611087,128.6171677,두산동,,
미송생고기,대구 수성구 무학로23길 52,(지번) 두산동 194-6,35.83247785,128.6220383,두산동,,
고박사생고기,대구 수성구 들안로16길 21,(지번) 두산동 34-4,35.83720362,128.6175738,두산동,,
고기부심,대구 수성구 동대구로15길 34 1층,(지번) 두산동 88-4,35.83782802,128.6216656,두산동,,
돈테일링,대구 수성구 수성못6길 6,(지번) 두산동 660,35.82699226,128.622716,두산동,,
삼육식당,대구 수성구 무학로23길 17 1층,(지번) 두산동 180-10,35.83097964,128.621649,두산동,,
횡성한우천년우정,대구 수성구 들안로 110,(지번) 두산동 2-1,35.83966767,128.6171553,두산동,,
신안동갈비,대구 수성구 용학로25길 26,(지번) 두산동 744-7,35.82487243,128.624869,두산동,,
두산일번지,대구 수성구 수성못2길 13-1,(지번) 두산동 688,35.82530991,128.6228032,두산동,,
명가장족발보쌈,대구 수성구 무학로21길 32,(지번) 두산동 185-4,35.83156876,128.6207705,두산동,,
삼삼막창1994 대구수성못점,대구 수성구 용학로25길 19 1층,(지번) 두산동 768,35.82484012,128.6242325,두산동,,
이서뒷고기,대구 수성구 청수로 116,(지번) 두산동 15-4,35.83975225,128.620689,두산동,,
초극강뒷고기 두산동직영점,대구 수성구 무학로23길 25,(지번) 두산동 180-5,35.83130695,128.6217078,두산동,,
발빠닭 두산점,대구 수성구 무학로23길 91 1층,(지번) 두산동 127-10,35.83427513,128.6218486,두산동,,
돼지로,대구 수성구 무학로23길 67,(지번) 두산동 190-4,35.83325091,128.6218335,두산동,,
불야시불닭발 본점,대구 수성구 무학로21길 61 1층,(지번) 두산동 146-4,35.83298599,128.6204103,두산동,,
동궁찜닭 두산상동점,대구 수성구 상화로 128 1층,(지번) 두산동 132-3,35.83517488,128.6211036,두산동,,
혜동갈비,대구 수성구 청수로20길 9-34,(지번) 두산동 18-2,35.83945404,128.6208379,두산동,,
쪽갈비에 꽃피다,대구 수성구 동대구로3길 28,(지번) 두산동 192-6,35.8320362,128.6215776,두산동,,
포크래인,대구 수성구 무학로23길 7 1층,(지번) 두산동 179-6,35.83057588,128.6216186,두산동,,
도리도리 수성점,대구 수성구 무학로21길 9 1층,(지번) 두산동 176-9,35.8305866,128.6203369,두산동,,
소백축산식당,대구 수성구 무학로17길 14-10,(지번) 두산동 176-4,35.83048704,128.619306,두산동,,
청와삼대 수성못점,대구 수성구 용학로 138 1층,(지번) 두산동 746,35.82359293,128.6241461,두산동,,
우도리 본점,대구 수성구 수성못2길 29 1층,(지번) 두산동 705,35.82590341,128.6237769,두산동,,
정겨운갈비,대구 수성구 들안로 34,(지번) 두산동 152-4,35.8328283,128.6172188,두산동,,
프리미엄양가 대구수성직영점,대구 수성구 무학로23길 48 1층,(지번) 두산동 194-9,35.83234161,128.6220443,두산동,,
파족지세,대구 수성구 청수로24길 21,(지번) 두산동 91-3,35.83889476,128.6213741,두산동,,
미더운황제,대구 수성구 용학로25길 38,(지번) 두산동 744,35.82537094,128.6251486,두산동,,
돼지로1985 본점,대구 수성구 청수로24길 9 1층,(지번) 두산동 92,35.83939654,128.6214261,두산동,,
가장맛있는족발 대구수성못점,대구 수성구 무학로23길 59 1층,(지번) 두산동 190-7,35.83286247,128.6216502,두산동,,
족발마씸,대구 수성구 동대구로7길 34,(지번) 두산동 130-1,35.83374313,128.6212653,두산동,,
닭동가리,대구 수성구 용학로 115 1동,(지번) 두산동 690,35.82509497,128.6225507,두산동,,
돈짝 수성못점,대구 수성구 무학로 115,(지번) 두산동 179-1,35.83021548,128.6212071,두산동,,
계모임,대구 수성구 상화로 118,(지번) 두산동 133-3,35.8349358,128.6200958,두산동,,
닭두꺼비 본점,대구 수성구 동대구로3길 39,(지번) 두산동 185-2,35.83184424,128.6207572,두산동,,
돼지갈비전문점 꾸이맨,대구 수성구 청수로24길 34,(지번) 두산동 19-14,35.83846652,128.6210819,두산동,,
제주촌 들안길점,대구 수성구 들안로 104,(지번) 두산동 3-3,35.83906697,128.6171352,두산동,,
돈오락쪽갈비 수성점,대구 수성구 들안로8길 12,(지번) 두산동 154-31,35.83333502,128.6175195,두산동,,
서민생막창 직영점,대구 수성구 들안로8길 17,(지번) 두산동 137-22,35.83355276,128.6176515,두산동,,
하누데이,대구 수성구 동대구로7길 14,(지번) 두산동 122-3,35.83379644,128.6225767,두산동,,
현가네33족발 수성점,대구 수성구 무학로23길 15,(지번) 두산동 179-9,35.83079911,128.621638,두산동,,
삼돈이,대구 수성구 동대구로7길 20,(지번) 두산동 123-1,35.83374751,128.6221895,두산동,,
놀부보쌈 대구수성점,대구 수성구 들안로 30,(지번) 두산동 153-1,35.83247969,128.6171753,두산동,,
꼭달이 기사우동불고기,대구 수성구 청수로 114,(지번) 두산동 15-2,35.83984882,128.6205248,두산동,,
박창우의소백산왕소금구이 수성못점,대구 수성구 수성못2길 43 1층,(지번) 두산동 670-3,35.8265162,128.6235292,두산동,,
대장금안동생고기 본점,대구 수성구 수성못2길 47 1층,(지번) 두산동 669-5,35.82676649,128.6233329,두산동,,
갈꾸리화덕막창,대구 수성구 무학로23길 17,(지번) 두산동 180-10,35.83097964,128.621649,두산동,,
원성숯불 수성점,대구 수성구 동대구로3길 19,(지번) 두산동 202-10,35.83178138,128.6219901,두산동,,
달인의찜닭 두산점,대구 수성구 동대구로 59,(지번) 두산동 105,35.83584738,128.6225479,두산동,,
대구닭갈비&닭발,대구 수성구 청수로 94,(지번) 두산동 8,35.83983505,128.6183906,두산동,,
우봉가 두산점,대구 수성구 무학로23길 92,(지번) 두산동 123-5,35.83421182,128.6222126,두산동,,
곱창고,대구 수성구 용학로 115,(지번) 두산동 690,35.82509497,128.6225507,두산동,,
국대막창,대구 수성구 무학로 115,(지번) 두산동 179-1,35.83021548,128.6212071,두산동,,
세여자소고기,대구 수성구 수성못6길 10 1층,(지번) 두산동 669-1,35.82708759,128.6230643,두산동,,
샤이뜨루 육회더하기,대구 수성구 용학로25길 47 1층,(지번) 두산동 699,35.82589293,128.6247524,두산동,,
장천 성원식육식당,대구 수성구 지범로1길 1-1,(지번) 두산동 310,35.82940114,128.624368,두산동,,
태봉산삼마을,대구 수성구 지범로 61-4,(지번) 두산동 730,35.82767482,128.6266466,두산동,,
일출한우한돈마을,대구 수성구 들안로 70,(지번) 두산동 69-4,35.83611087,128.6171677,두산동,,
명동생고기,대구 수성구 청수로24길 72,(지번) 두산동 44-12,35.83660443,128.6209321,두산동,,
123찜닭,대구 수성구 동대구로 55 2층,(지번) 두산동 119-1,35.83525267,128.6230779,두산동,,
부가네얼큰이,대구 수성구 무학로21길 78,(지번) 두산동 188-5,35.83351401,128.6209345,두산동,,
안동찜닭 두산점,대구 수성구 상화로 98-4,(지번) 두산동 137-9,35.8347992,128.6176737,두산동,,
녹슨드럼통바베큐 수성못점,대구 수성구 수성못2길 15,(지번) 두산동 689,35.82553929,128.6231342,두산동,,
추억생고기,대구 수성구 청수로 92,(지번) 두산동 6,35.84003886,128.6180114,두산동,,
대머리육회탕탕이 둔산점,대구 수성구 동대구로3길 14-27,(지번) 두산동 194-15,35.83316142,128.6223215,두산동,,
우미생고기,대구 수성구 무학로23길 82 1층,(지번) 두산동 123-9,35.8338511,128.6221652,두산동,,
흥부찜닭 두산점,대구 수성구 들안로8길 85,(지번) 두산동 134-5,35.83478231,128.6204781,두산동,,
밀양,대구 수성구 무학로23길 11,(지번) 두산동 179-8,35.83067363,128.621641,두산동,,
호미고깃간,대구 수성구 무학로23길 17,(지번) 두산동 180-10,35.83097964,128.621649,두산동,,
퓨전그릴야매,대구 수성구 청수로 118,(지번) 두산동 16,35.83974618,128.620919,두산동,,
모아모찜닭 두산점,대구 수성구 들안로18길 12,(지번) 두산동 56-1,35.83733684,128.6184084,두산동,,
돈터치미,대구 수성구 무학로23길 21,(지번) 두산동 180-4,35.83116702,128.621673,두산동,,
등불참숯,대구 수성구 청수로24길 34,(지번) 두산동 19-14,35.83846652,128.6210819,두산동,,
육본가 고령뒷고기 수성못점,대구 수성구 수성못2길 29,(지번) 두산동 705,35.82590341,128.6237769,두산동,,
고기왕창 통큰육회비빔밥 들안길점,대구 수성구 들안로16길 12 1층,(지번) 두산동 67-1,35.83679155,128.6176527,두산동,,
운수대통삼겹살,대구 수성구 무학로21길 61,(지번) 두산동 146-4,35.83298599,128.6204103,두산동,,
월계수,대구 수성구 무학로21길 8,(지번) 두산동 178-1,35.83037201,128.6206663,두산동,,
대한등심,대구 수성구 상화로 102,(지번) 두산동 135-6,35.8348927,128.6180848,두산동,,
창대한곱창 대구두산점,대구 수성구 들안로8길 85,(지번) 두산동 134-5,35.83478231,128.6204781,두산동,,
봉암식당,대구 수성구 동대구로3길 15,(지번) 두산동 202-1,35.83178439,128.6221206,두산동,,
종가집안동찜닭,대구 수성구 청수로24길 20,(지번) 두산동 19-17,35.83910921,128.6211024,두산동,,
교동낭만,대구 수성구 들안로8길 17,(지번) 두산동 137-22,35.83355276,128.6176515,두산동,,
우찾사,대구 수성구 무학로21길 32,(지번) 두산동 185-4,35.83156876,128.6207705,두산동,,
프리미엄돼지,대구 수성구 들안로14길 70,(지번) 두산동 77-16,35.83602148,128.6208653,두산동,,
충족족발,대구 수성구 무학로23길 89,(지번) 두산동 127-13,35.83418291,128.6218376,두산동,,
풍년식육식당,대구 수성구 들안로 36,(지번) 두산동 152-3,35.83296976,128.6172269,두산동,,
바로구이,대구 수성구 무학로23길 59,(지번) 두산동 190-7,35.83286247,128.6216502,두산동,,
맛있소,대구 수성구 들안로20길 47,(지번) 두산동 20-1,35.83822289,128.6204705,두산동,,
원조아삼겹 본점,대구 수성구 만촌로 105,(지번) 만촌동 426-13,35.86794193,128.6417035,만촌1동,,
녹양구이 만촌점,대구 수성구 화랑로 84,(지번) 만촌동 1326-13,35.87191561,128.6361217,만촌1동,,
꽃돼지생삼겹무한리필,대구 수성구 무열로 69,(지번) 만촌동 994-11,35.86459693,128.6492405,만촌2동,,
낙산가든,대구 수성구 국채보상로 921,(지번) 만촌동 419-9,35.86715491,128.6315103,만촌1동,,
낙동생오리 만촌점,대구 수성구 무열로8길 10-5,(지번) 만촌동 694-1,35.86126795,128.6495816,만촌2동,,
명륜진사갈비 대구만촌점,대구 수성구 화랑로 98,(지번) 만촌동 1327-8,35.8724116,128.6376087,만촌1동,,
벗우,대구 수성구 달구벌대로525길 14-12 2층,(지번) 만촌동 736-3,35.85767928,128.6506826,만촌2동,,
대해생고기,대구 수성구 만촌로 106,(지번) 만촌동 659-5,35.86810515,128.6421432,만촌1동,,
선산곱창인 만촌본점,대구 수성구 무열로 25,(지번) 만촌동 996-11,35.86124074,128.6473157,만촌2동,,
채자순복주막창 만촌동직영점,대구 수성구 동원로28길 13,(지번) 만촌동 1326-30,35.87181067,128.6365086,만촌1동,,
우야지막창,대구 수성구 교학로 40,(지번) 만촌동 872-2,35.85166621,128.6519252,만촌3동,,
고인돌삼겹살전문점,대구 수성구 달구벌대로528길 3,(지번) 만촌동 854-31,35.8561127,128.6504496,만촌3동,,
막창도둑 만촌점,대구 수성구 달구벌대로526길 10,(지번) 만촌동 849-11,35.85685336,128.6488208,만촌3동,,
팔공등갈비,대구 수성구 달구벌대로 2683,(지번) 만촌동 752-2,35.85472367,128.6550879,만촌2동,,
돈오름,대구 수성구 국채보상로 1022 1층,(지번) 만촌동 957-2,35.8657165,128.6421703,만촌2동,,
살겹삼,대구 수성구 화랑로 122,(지번) 만촌동 1329-11,35.87331158,128.6401367,만촌1동,,
청구산호아나고막창,대구 수성구 만촌로 157,(지번) 만촌동 1329-62,35.87261552,128.6404288,만촌1동,,
명동생고기,대구 수성구 만촌로 14 1층,(지번) 만촌동 998-23,35.86055204,128.6453737,만촌2동,,
천일석쇠구이,대구 수성구 무열로 9,(지번) 만촌동 1037-12,35.85982323,128.6462788,만촌2동,,
백광생고기,대구 수성구 국채보상로 937 1층,(지번) 만촌동 419-13,35.86741384,128.6330324,만촌1동,,
쑤뿔돼지갈비,대구 수성구 만촌로 102 1층,(지번) 만촌동 659-11,35.86773548,128.6423229,만촌1동,,
더웰빙가리산삼계탕또백숙,대구 수성구 동원로 123,(지번) 만촌동 1356-7,35.86865033,128.6354933,만촌1동,,
인생생고기,대구 수성구 무열로 9 1층,(지번) 만촌동 1037-13,35.85982323,128.6462788,만촌2동,,
끝돈 범어점,대구 수성구 달구벌대로 2573,(지번) 만촌동 1037,35.85937755,128.6441785,만촌2동,,
영천한우식객,대구 수성구 무열로 59,(지번) 만촌동 994-33,35.86383638,128.6489639,만촌2동,,
두찜 대구만촌범어점,대구 수성구 동원로 52 1층,(지번) 만촌동 959-8,35.8635678,128.6396464,만촌2동,,
옛찜,대구 수성구 만촌로 94,(지번) 만촌동 660-20,35.86703431,128.6426389,만촌1동,,
표돈,대구 수성구 교학로2길 9,(지번) 만촌동 858-27,35.85463137,128.6523012,만촌3동,,
맛정돼지갈비,대구 수성구 국채보상로 1063,(지번) 만촌동 671-40,35.86805164,128.6456838,만촌1동,,
대해생고기,대구 수성구 만촌로 99 1층,(지번) 만촌동 426-22,35.8674791,128.6420533,만촌1동,,
날마다좋은집,대구 수성구 화랑로 40,(지번) 만촌동 413-1,35.86964376,128.6327108,만촌1동,,
미세스박생고기,대구 수성구 만촌로 112 1층,(지번) 만촌동 658-27,35.86861628,128.6419324,만촌1동,,
갈매기먹짱&갈비한판 만촌점,대구 수성구 만촌로 164,(지번) 만촌동 1330-37,35.87314036,128.6406846,만촌1동,,
영화 찜갈비전문점,대구 수성구 교학로2길 51,(지번) 만촌동 855-1,35.85570717,128.6503526,만촌3동,,
깍뚝숯불구이,대구 수성구 달구벌대로522길 15 1층 101호,(지번) 만촌동 849-17,35.85720944,128.6479645,만촌3동,,
싸움의고수 대구수성점,대구 수성구 달구벌대로526안길 10,(지번) 만촌동 852-19,35.85629173,128.64929,만촌3동,,
대한민국삼겹살,대구 수성구 달구벌대로522길 15-20,(지번) 만촌동 850-2,35.85668735,128.6485537,만촌3동,,
55온족발 만촌점,대구 수성구 교학로 36,(지번) 만촌동 863-7,35.85200417,128.6519362,만촌3동,,
마시정,대구 수성구 만촌로 166 1층,(지번) 만촌동 1330-24,35.87332301,128.6406395,만촌1동,,
착한대박 만촌점,대구 수성구 화랑로 68,(지번) 만촌동 1325-60,35.87144666,128.6346254,만촌1동,,
차율뭉툭생고기,대구 수성구 화랑로2길 105,(지번) 만촌동 1341,35.8682861,128.6367499,만촌1동,,
새안심한우식육식당,대구 수성구 국채보상로 983,(지번) 만촌동 425-4,35.86694023,128.6381922,만촌1동,,
수라생고기,대구 수성구 만촌로 2,(지번) 만촌동 997-6,35.86014217,128.6463494,만촌2동,,
달구벌본가생막창,대구 수성구 만촌로 166,(지번) 만촌동 1330-24,35.87332301,128.6406395,만촌1동,,
옛맛삼겹살,대구 수성구 만촌로 12-1,(지번) 만촌동 998-21,35.86055302,128.6455255,만촌2동,,
맛있는막창,대구 수성구 달구벌대로536길 11,(지번) 만촌동 861-4,35.85394365,128.6543023,만촌3동,,
본동갈비,대구 수성구 효행로2길 80,(지번) 만촌동 342-11,35.87492929,128.6499857,만촌1동,,
삼순이숯불갈비 만촌점,대구 수성구 교학로4길 3 1층,(지번) 만촌동 857-56,35.85406327,128.6522243,만촌3동,,
흥부,대구 수성구 만촌로 75,(지번) 만촌동 965-6,35.86545831,128.6431467,만촌2동,,
돈뼈락,대구 수성구 동원로28길 15 1층,(지번) 만촌동 1326-32,35.87188102,128.6366493,만촌1동,,
날마다왕족발보쌈,대구 수성구 만촌로 161,(지번) 만촌동 1329-19,35.87291974,128.640112,만촌1동,,
소선생갈비찜&갈비탕 만촌점,대구 수성구 국채보상로 963,(지번) 만촌동 422-31,35.86747333,128.6359515,만촌1동,,
아미구이,대구 수성구 국채보상로 1042,(지번) 만촌동 970-4,35.86650124,128.6441637,만촌2동,,
만남구이,대구 수성구 국채보상로 1054,(지번) 만촌동 972-11,35.86723561,128.645241,만촌2동,,
송죽한방보쌈,대구 수성구 국채보상로 1073-1,(지번) 만촌동 685-58,35.8688017,128.6463779,만촌1동,,
진뚝닭 대구만촌점,대구 수성구 만촌로 112 1층,(지번) 만촌동 658-27,35.86861628,128.6419324,만촌1동,,
오븐에빠진막창 대구동구점,대구 수성구 국채보상로 927,(지번) 만촌동 419-24,35.86724433,128.6320321,만촌1동,,
돈막창,대구 수성구 만촌로 49-2,(지번) 만촌동 1009-43,35.86335171,128.6440038,만촌2동,,
남가명가주먹구이 남부축산,대구 수성구 만촌로 52,(지번) 만촌동 1008,35.86354187,128.64443,만촌2동,,
왕갈비냉면,대구 수성구 달구벌대로530길 6,(지번) 만촌동 854-38,35.85544953,128.6515917,만촌3동,,
미진생고기,대구 수성구 공경로 32,(지번) 만촌동 674-3,35.87068795,128.6449446,만촌1동,,
통큰오리,대구 수성구 달구벌대로 2634,(지번) 만촌동 853-2,35.85644232,128.6500703,만촌3동,,
돌판구이,대구 수성구 무열로 15,(지번) 만촌동 997-4,35.86057325,128.6465153,만촌2동,,
오리목장,대구 수성구 무열로8길 10-5,(지번) 만촌동 694-1,35.86126795,128.6495816,만촌2동,,
달구벌숯불생삼겹막창,대구 수성구 만촌로 146,(지번) 만촌동 427-21,35.87147021,128.641033,만촌1동,,
꾼참숯생막창 꾼생막창직영점,대구 수성구 공경로 32,(지번) 만촌동 674-3,35.87068795,128.6449446,만촌1동,,
돼지드림,대구 수성구 동원로2길 16,(지번) 만촌동 1033-5,35.85979563,128.6413356,만촌2동,,
갈생,대구 수성구 만촌로 112,(지번) 만촌동 658-27,35.86861628,128.6419324,만촌1동,,
하늘정원,대구 수성구 고산로 264,(지번) 매호동 309,35.85381473,128.7095838,고산3동,,
우가생고기,대구 수성구 달구벌대로641길 17-4 B동 109~110호,(지번) 매호동 1085-9,35.84180464,128.7075766,고산3동,,
무진장,대구 수성구 달구벌대로627길 14-24,(지번) 매호동 1343-3,35.84216243,128.7025641,고산3동,,
풍산갈비,대구 수성구 달구벌대로 3171-1 1층,(지번) 매호동 1344-2,35.84150996,128.7041504,고산3동,,
눈꽃을나누다 시지점,대구 수성구 달구벌대로627길 6-9 1층,(지번) 매호동 1342-9,35.84217794,128.7017495,고산3동,,
하나실비막창,대구 수성구 달구벌대로627길 13,(지번) 매호동 1341-7,35.84256926,128.7008869,고산3동,,
김해본가뒷고기,대구 수성구 고산로 121-9,(지번) 매호동 1344-13,35.84168446,128.7044648,고산3동,,
큰집막창,대구 수성구 고산로 121-7,(지번) 매호동 1344-14,35.84166991,128.7046138,고산3동,,
봉대박찜닭,대구 수성구 고산로 123,(지번) 매호동 1331,35.84353925,128.705253,고산3동,,
육회한생고기,대구 수성구 달구벌대로637길 12-2,(지번) 매호동 1092-4,35.84177025,128.7068574,고산3동,,
대석대구찜닭 시지점,대구 수성구 고산로 121-9 1층,(지번) 매호동 1344-13,35.84168446,128.7044648,고산3동,,
소선생갈비찜&갈비탕,대구 수성구 달구벌대로641길 17-3,(지번) 매호동 1085-10,35.84165467,128.7078821,고산3동,,
김충기꽃삼겹 대구시지점,대구 수성구 달구벌대로641길 17-3 1층,(지번) 매호동 1085-10,35.84165467,128.7078821,고산3동,,
우리참한우,대구 수성구 달구벌대로641길 17-2,(지번) 매호동 1085-6,35.84190601,128.7076849,고산3동,,
장군찜닭 시지점,대구 수성구 달구벌대로627길 13-5,(지번) 매호동 1341-4,35.84264844,128.7005071,고산3동,,
원찜닭,대구 수성구 천을로 181,(지번) 매호동 1055,35.84325675,128.7100832,고산3동,,
옛고을양푼이찜닭,대구 수성구 달구벌대로627길 22-2,(지번) 매호동 1338-1,35.84281654,128.7013825,고산3동,,
통큰닭발,대구 수성구 달구벌대로637길 22-1,(지번) 매호동 1088-4,35.84236048,128.707524,고산3동,,
서울왕족발시지점,대구 수성구 달구벌대로631길 11,(지번) 매호동 1336-8,35.84258948,128.7032694,고산3동,,
똥집의달인 시지본점,대구 수성구 달구벌대로627길 22-11,(지번) 매호동 1335-7,35.84284905,128.7021348,고산3동,,
북성로불고기&냄비우동,대구 수성구 고산로 121,(지번) 매호동 1344-19,35.84151023,128.704957,고산3동,,
3大만족 본점,대구 수성구 천을로 181 113동 102호,(지번) 매호동 1055,35.84325675,128.7100832,고산3동,,
테트리스찜닭 시지점,대구 수성구 달구벌대로641길 23,(지번) 매호동 1082-9,35.84236298,128.7080648,고산3동,,
오븐에빠진막창 시지점,대구 수성구 달구벌대로627길 14-6,(지번) 매호동 1342-3,35.84240363,128.7015676,고산3동,,
3대만족 시지본점,대구 수성구 천을로 181,(지번) 매호동 1055,35.84325675,128.7100832,고산3동,,
계선안동찜닭,대구 수성구 달구벌대로627길 21-9,(지번) 매호동 1339-2,35.8430366,128.7003446,고산3동,,
오빠야찜닭 시지점,대구 수성구 달구벌대로627길 22-24,(지번) 매호동 1337-4,35.84248215,128.7027993,고산3동,,
용계찜닭,대구 수성구 달구벌대로627길 14-23,(지번) 매호동 1337-11,35.84234558,128.702758,고산3동,,
불이나닭,대구 수성구 달구벌대로627길 13,(지번) 매호동 1341-7,35.84256926,128.7008869,고산3동,,
철수와영희꼼닭발,대구 수성구 달구벌대로627길 14-28,(지번) 매호동 1343-5,35.84209699,128.7028193,고산3동,,
이가안동찜닭,대구 수성구 천을로31길 7-9,(지번) 매호동 1327-3,35.84412943,128.7074269,고산3동,,
히로미찌찜닭 시지점,대구 수성구 달구벌대로627길 62 1층,(지번) 매호동 1336-5,35.84279212,128.7030547,고산3동,,
덤&덤찜닭 시지점,대구 수성구 달구벌대로627길 62,(지번) 매호동 1336-5,35.84279212,128.7030547,고산3동,,
달우찜닭 시지점,대구 수성구 달구벌대로627길 14-23 1층,(지번) 매호동 1337-11,35.84234558,128.702758,고산3동,,
명품찜닭명계 시지점,대구 수성구 천을로31길 3-15,(지번) 매호동 1328-1,35.8438703,128.7069805,고산3동,,
남경고기마트,대구 수성구 달구벌대로 3181,(지번) 매호동 1344-22,35.84124935,128.704868,고산3동,,
황진사삶은고기,대구 수성구 달구벌대로627길 21-5,(지번) 매호동 1339-4,35.84301442,128.7006002,고산3동,,
시지한우고기마트,대구 수성구 달구벌대로645길 15,(지번) 매호동 1040-6,35.84079888,128.7099405,고산3동,,
청년고기마트 신매점,대구 수성구 달구벌대로645길 15,(지번) 매호동 1040-6,35.84079888,128.7099405,고산3동,,
진미정생고기,대구 수성구 천을로31길 8,(지번) 매호동 997-2,35.84412814,128.7085444,고산3동,,
양마니고기찌개,대구 수성구 달구벌대로627길 14-23,(지번) 매호동 1337,35.84234558,128.702758,고산3동,,
진밭골 안영감 본점,대구 수성구 지범로 300,(지번) 범물동 887,35.81481613,128.6491781,범물2동,,
가든파티골안골,대구 수성구 지범로 299,(지번) 범물동 1304-2,35.81518976,128.649138,범물1동,,
형동생제주도근고기전문점 본점,대구 수성구 지범로 251 1층,(지번) 범물동 1319-1,35.81734775,128.6452964,범물1동,,
하늘아래첫집산장,대구 수성구 진밭길 411-2,(지번) 범물동 1180-9,35.79862107,128.6725887,범물1동,,
대들보 돼지갈비대구탕,대구 수성구 지범로 276,(지번) 범물동 835,35.81576121,128.6467691,범물2동,,
진밭식당,대구 수성구 진밭길 411,(지번) 범물동 1114-1,35.79850964,128.6724952,범물1동,,
청우식육식당,대구 수성구 범안로 72 1층,(지번) 범물동 1321-2,35.81786669,128.6456931,범물1동,,
동양족발 범물점,대구 수성구 지범로48길 21 수성하늘채르레브아파트 상가 301동 107호,(지번) 범물동 747,35.81505576,128.6442516,범물2동,,
복동이숯불갈비 범물점,대구 수성구 지범로45길 11,(지번) 범물동 1321-6,35.81773266,128.6457157,범물1동,,
고향숯불막창,대구 수성구 지범로 256,(지번) 범물동 463-3,35.8169677,128.6448646,범물2동,,
큰부자소막창,대구 수성구 범안로 27,(지번) 범물동 1352-9,35.81767282,128.6396107,범물2동,,
순이생고기,대구 수성구 지범로46길 3,(지번) 범물동 455,35.81726589,128.6446669,범물2동,,
살아있소갈비살구이전문점,대구 수성구 지범로 255,(지번) 범물동 1319-3,35.81712335,128.6453636,범물1동,,
가문의족발보쌈,대구 수성구 지범로46길 16-4,(지번) 범물동 1378-6,35.81666674,128.6437437,범물2동,,
고택남 대구범물점,대구 수성구 범안로4길 47 1층,(지번) 범물동 1369-7,35.81513183,128.6406434,범물2동,,
성자네 숯불막창,대구 수성구 범안로3길 41,(지번) 범물동 1339-4,35.81876321,128.6382624,범물2동,,
골목찜닭,대구 수성구 범안로16길 59 1층,(지번) 범물동 1300-5,35.8160931,128.6478808,범물1동,,
워낭생고기,대구 수성구 범안로 86,(지번) 범물동 1292-3,35.81801395,128.6469751,범물1동,,
와와 생막창 뽈뽈,대구 수성구 범안로 1,(지번) 범물동 1354,35.81742583,128.6377532,범물2동,,
빨닭,대구 수성구 지범로 290 119동 101호,(지번) 범물동 670,35.81519666,128.6478925,범물2동,,
회먹을래고기먹을래,대구 수성구 용학로 316 지하1층,(지번) 범물동 1269,35.82240003,128.6424161,범물1동,,
용지막창,대구 수성구 범안로 86,(지번) 범물동 1292-3,35.81801395,128.6469751,범물1동,,
손수말이,대구 수성구 지범로 263,(지번) 범물동 1313-9,35.81649723,128.6457524,범물1동,,
이가네숯불갈비,대구 수성구 범안로16길 35,(지번) 범물동 1298-3,35.81654793,128.6469125,범물1동,,
고기채움,대구 수성구 지범로39길 21,(지번) 범물동 1277-10,35.8207239,128.6423108,범물1동,,
명동돼지한마리,대구 수성구 범어천로 48,(지번) 범어동 726-5,35.85113542,128.6238701,범어1동,,
감나무집,대구 수성구 동대구로80길 24,(지번) 범어동 48-1,35.86557723,128.6287387,범어2동,,
고기굽는남자 범어동점,대구 수성구 들안로 402 1층,(지번) 범어동 1233,35.86595896,128.6184922,범어3동,,
초원한우,대구 수성구 상록로 20,(지번) 범어동 39-10,35.86122052,128.6242184,범어3동,,
팔백집,대구 수성구 동대구로59길 14-23,(지번) 범어동 792-35,35.85797503,128.6237074,범어1동,,
서울식육식당,대구 수성구 범어천로 70,(지번) 범어동 774-10,35.8532573,128.6237264,범어1동,,
편대장영화식당 범어점,대구 수성구 동대구로 291,(지번) 범어동 589-1,35.85651675,128.6252174,범어1동,,
고미정,대구 수성구 달구벌대로 2469,(지번) 범어동 167-4,35.85921401,128.6328814,범어2동,,
미미네집 신천점,대구 수성구 들안로 397,(지번) 범어동 1315,35.865546,128.6179479,범어3동,,
빡빡이참숯화로구이 본점,대구 수성구 들안로 395 1층,(지번) 범어동 1311,35.86528443,128.6179193,범어3동,,
돗소리,대구 수성구 국채보상로162길 22-4,(지번) 범어동 1179,35.86657383,128.6185438,범어3동,,
육록담,대구 수성구 범어천로 53,(지번) 범어동 805-291,35.85175782,128.6233446,범어1동,,
봄결,대구 수성구 달구벌대로492길 42-1 아현빌딩 1층,(지번) 범어동 255-15,35.85699107,128.6347964,범어4동,,
도마,대구 수성구 상록로 18,(지번) 범어동 39-12,35.86106819,128.6241543,범어3동,,
거송갈비찜 범어점,대구 수성구 명덕로 485 1층,(지번) 범어동 776-7,35.85414437,128.6234538,범어1동,,
화로상회 대구범어점,대구 수성구 동대구로80길 14,(지번) 범어동 47,35.86562031,128.6281336,범어2동,,
한우오마카세 카이,대구 수성구 달구벌대로496길 21-9 라산빌딩 1층,(지번) 범어동 261-10,35.85677026,128.6349646,범어4동,,
수성55온족발 본점,대구 수성구 들안로 390,(지번) 범어동 1422,35.86492385,128.6183431,범어3동,,
이가네양꼬치양갈비,대구 수성구 달구벌대로496길 7,(지번) 범어동 199-6,35.85796298,128.6342111,범어4동,,
명성생고기,대구 수성구 들안로 406,(지번) 범어동 1213,35.86618825,128.618429,범어3동,,
고촌댁안동갈비,대구 수성구 범어천로 127,(지번) 범어동 804-72,35.85825315,128.622238,범어1동,,
동궁찜닭 범어점,대구 수성구 동대구로59길 14-8 2층,(지번) 범어동 792-4,35.85802085,128.6241178,범어1동,,
참숯삼인조,대구 수성구 들안로 410 1층,(지번) 범어동 1179,35.86666811,128.6184822,범어3동,,
신촌닭불백,대구 수성구 동대구로 237,(지번) 범어동 736,35.85157283,128.6244102,범어1동,,
산갈래닭갈비,대구 수성구 달구벌대로480길 39,(지번) 범어동 548-30,35.85857063,128.6229642,범어1동,,
더건강한한우프라자,대구 수성구 범어천로 131,(지번) 범어동 804-1,35.85850721,128.6221024,범어1동,,
다고리,대구 수성구 범어로 169 2층,(지번) 범어동 141-17,35.86442775,128.6349399,범어2동,,
수성생고기,대구 수성구 상록로 6,(지번) 범어동 41-10,35.85987731,128.624249,범어3동,,
수영양곱창 원조본점,대구 수성구 범어천로 133,(지번) 범어동 881-8,35.85869602,128.6222274,범어1동,,
북해양육점,대구 수성구 들안로 389-1,(지번) 범어동 1330,35.86494604,128.6179198,범어3동,,
막창도둑 범어점,대구 수성구 범어로 81 1층,(지번) 범어동 262-1,35.85678486,128.6356989,범어4동,,
조선양곱창 신천점,대구 수성구 들안로81길 3,(지번) 범어동 1264,35.86619718,128.6178935,범어3동,,
맛찬들왕소금구이 대구범어점,대구 수성구 범어천로 136,(지번) 범어동 560-11,35.85885575,128.6226845,범어1동,,
심형래의불꽃양대창 신천점,대구 수성구 들안로 415,(지번) 범어동 1100,35.86724002,128.6180713,범어3동,,
만재네 범어점,대구 수성구 상록로 10,(지번) 범어동 40-26,35.86019112,128.6241739,범어3동,,
춘산오가피삼계탕백숙,대구 수성구 달구벌대로495길 27 2층,(지번) 범어동 153-17,35.86027969,128.6339949,범어2동,,
원할머니보쌈족발 대구범어점,대구 수성구 동대구로 331 1층,(지번) 범어동 43-3,35.86012155,128.6256855,범어3동,,
범어생고기,대구 수성구 범어천로 135-7,(지번) 범어동 804-20,35.8588987,128.621726,범어1동,,
석경 범어점,대구 수성구 달구벌대로496길 33 1층,(지번) 범어동 278-7,35.85552267,128.6342002,범어4동,,
청솔생고기,대구 수성구 청솔로 80,(지번) 범어동 806-5,35.85366442,128.6211452,범어1동,,
원조부산양곱창,대구 수성구 동대구로59길 14-8 1층,(지번) 범어동 792-4,35.85802085,128.6241178,범어1동,,
송림생고기,대구 수성구 범어로19길 39 1층,(지번) 범어동 201-23,35.85779044,128.6335932,범어4동,,
서남왕족발 범어점,대구 수성구 달구벌대로496길 16 1층,(지번) 범어동 201-10,35.85758428,128.6338766,범어4동,,
고깃집수녹,대구 수성구 동대구로74안길 13,(지번) 범어동 47-13,35.86513527,128.6283701,범어2동,,
방천소갈비 KBS점,대구 수성구 달구벌대로496길 19,(지번) 범어동 249-12,35.8569865,128.6342181,범어4동,,
박판삼겹 본점,대구 수성구 들안로 405-1,(지번) 범어동 1153,35.86647765,128.6180246,범어3동,,
현방,대구 수성구 상록로 39,(지번) 범어동 479-9,35.86298653,128.6237884,범어3동,,
방천소갈비 직영점,대구 수성구 범어천로 41-1,(지번) 범어동 805-63,35.85071123,128.6232182,범어1동,,
달돈,대구 수성구 범어천로 135-3,(지번) 범어동 881-3,35.8587996,128.6219982,범어1동,,
대프리카막창,대구 수성구 달구벌대로492길 46 1층,(지번) 범어동 140-2,35.85704388,128.635107,범어4동,,
숙돈가,대구 수성구 범어천로 47,(지번) 범어동 805-406,35.85124216,128.6233069,범어1동,,
대구찜닭 본점,대구 수성구 달구벌대로489길 10,(지번) 범어동 165-13,35.85945797,128.6312078,범어2동,,
양반생고기&육회,대구 수성구 들안로 408-1,(지번) 범어동 1186,35.86648958,128.6184436,범어3동,,
박대호제주미스돈,대구 수성구 상록로 46,(지번) 범어동 26-8,35.86343458,128.6242143,범어3동,,
신천생고기,대구 수성구 들안로 408 1층,(지번) 범어동 1189,35.86639868,128.6184886,범어3동,,
구이사마 KBS점,대구 수성구 달구벌대로496길 8,(지번) 범어동 200-24,35.85797795,128.6339657,범어4동,,
돈애반해 범어KBS점,대구 수성구 달구벌대로492길 39,(지번) 범어동 203-22,35.85719794,128.634607,범어4동,,
영천생고기,대구 수성구 달구벌대로480길 25,(지번) 범어동 547-5,35.85844079,128.6237503,범어1동,,
소금쟁이 범어점,대구 수성구 상록로 59,(지번) 범어동 473-8,35.86486304,128.6238167,범어3동,,
기황후삼계탕,대구 수성구 동대구로 279,(지번) 범어동 594-3,35.85542123,128.6249713,범어1동,,
양수생고기,대구 수성구 청솔로 52 1층,(지번) 범어동 806-74,35.85116554,128.620906,범어1동,,
금돈,대구 수성구 범어천로 174-1,(지번) 범어동 2179,35.8622035,128.6226103,범어3동,,
온족발&보쌈 본점,대구 수성구 범어천로 65,(지번) 범어동 805-85,35.8527918,128.6232707,범어1동,,
복돈미가,대구 수성구 범어천로 42,(지번) 범어동 722-2,35.85054905,128.623657,범어1동,,
새마을식당 대구범어점,대구 수성구 들안로 411,(지번) 범어동 1146,35.86695156,128.617991,범어3동,,
무쇠고집,대구 수성구 들안로 401,(지번) 범어동 1260,35.86584914,128.6179821,범어3동,,
양군팩토리,대구 수성구 동대구로 275,(지번) 범어동 595-18,35.85503983,128.6250007,범어1동,,
인생극장 대구범어점,대구 수성구 동대구로59길 14-14 상가 101호,(지번) 범어동 547-34,35.85823664,128.6240664,범어1동,,
명성옥,대구 수성구 상록로 8-17,(지번) 범어동 40-10,35.8601847,128.6250613,범어3동,,
소울,대구 수성구 동대구로59길 14-5,(지번) 범어동 792-18,35.85767464,128.6238306,범어1동,,
박상민한우식육점 신천본점,대구 수성구 들안로 386-3,(지번) 범어동 1003-10,35.86457046,128.6186877,범어3동,,
박가네고령뒷고기,대구 수성구 들안로78길 16 1층,(지번) 범어동 1003-15,35.86493574,128.6190655,범어3동,,
그집생고기,대구 수성구 범어로19길 47,(지번) 범어동 201-7,35.8577924,128.6331975,범어4동,,
육구이왕소금구이,대구 수성구 들안로78길 20,(지번) 범어동 1003-13,35.86504411,128.6192089,범어3동,,
미주생고기,대구 수성구 청솔로14길 46,(지번) 범어동 805-55,35.85100545,128.6231587,범어1동,,
마왕족발 대구수성점,대구 수성구 달구벌대로492길 46 1층,(지번) 범어동 140-2,35.85704388,128.635107,범어4동,,
인생갈비,대구 수성구 들안로77길 30,(지번) 범어동 1266,35.86493672,128.6173603,범어3동,,
정희태백집,대구 수성구 달구벌대로492길 38,(지번) 범어동 255-12,35.85704614,128.634398,범어4동,,
원조안동갈비,대구 수성구 달구벌대로496길 18,(지번) 범어동 202-1,35.85743669,128.6339813,범어4동,,
장군안동찜닭 수성점,대구 수성구 범어로 171 1층,(지번) 범어동 136-32,35.8645855,128.6349025,범어2동,,
하양농장식육식당 본점,대구 수성구 국채보상로180길 15,(지번) 범어동 129-11,35.86579555,128.6298103,범어2동,,
강촌숯불닭갈비 범어그랜드점,대구 수성구 동대구로59길 3 1층,(지번) 범어동 587-10,35.85725884,128.6251508,범어1동,,
태영생막창,대구 수성구 달구벌대로492길 47,(지번) 범어동 204-15,35.85722694,128.6353096,범어4동,,
자인,대구 수성구 달구벌대로 2480-1 1층,(지번) 범어동 197-34,35.85821099,128.633793,범어4동,,
대하닭갈비 범어점,대구 수성구 동대구로 336 마크팰리스범어 3층 313호,(지번) 범어동 177-3,35.8603881,128.62737,범어2동,,
소나무,대구 수성구 범어로19길 36,(지번) 범어동 200-15,35.8579865,128.6338339,범어4동,,
쪼쪼찜닭쪼림닭 범어점,대구 수성구 청솔로 124-23,(지번) 범어동 800-41,35.85703402,128.6217288,범어1동,,
아침에잡은소 범어점,대구 수성구 범어로 199 1층,(지번) 범어동 134-30,35.86700414,128.6334199,범어2동,,
범어한우,대구 수성구 청솔로 124-25,(지번) 범어동 800-30,35.85701817,128.6218482,범어1동,,
하양농장한우촌 직영2호점,대구 수성구 달구벌대로492길 7,(지번) 범어동 200-14,35.8579642,128.6323121,범어4동,,
연탄집처녀돼지 본점,대구 수성구 들안로 400-1,(지번) 범어동 1234,35.86572147,128.6185215,범어3동,,
금복닭개장,대구 수성구 달구벌대로495길 24,(지번) 범어동 152-7,35.86005088,128.6343066,범어2동,,
예천참한우마을,대구 수성구 범어천로 54-1 1층,(지번) 범어동 730,35.85175412,128.6239457,범어1동,,
돈야,대구 수성구 범어로 112,(지번) 범어동 223-8,35.85940323,128.6360081,범어2동,,
박창우의 막구이돼지찌개,대구 수성구 상록로 10,(지번) 범어동 40-26,35.86019112,128.6241739,범어3동,,
이조명가,대구 수성구 범어천로 72,(지번) 범어동 774-9,35.85335364,128.623639,범어1동,,
아리울 오리돈,대구 수성구 범어로24길 7,(지번) 범어동 225-2,35.85977984,128.6360792,범어2동,,
서울맛족발,대구 수성구 달구벌대로492길 23,(지번) 범어동 202-24,35.85721117,128.6327791,범어4동,,
냠냠족족,대구 수성구 범어로 91-1,(지번) 범어동 204-10,35.85768144,128.6356432,범어4동,,
구공족발 범어점,대구 수성구 상록로 15 범어센트럴푸르지오 판매시설동 1층 107호,(지번) 범어동 2257,35.86111989,128.6230363,범어3동,,
범어숯불,대구 수성구 달구벌대로480길 29,(지번) 범어동 547-69,35.85851644,128.6234539,범어1동,,
홍대찜닭,대구 수성구 상록로 64 1층,(지번) 범어동 7-4,35.86514765,128.6242079,범어3동,,
돈뼈락 수성점,대구 수성구 상록로 50,(지번) 범어동 24-17,35.86388254,128.624161,범어3동,,
고향 옻닭삼계탕,대구 수성구 상록로 30,(지번) 범어동 27-17,35.86209449,128.6241415,범어3동,,
초미일관석쇠불고기,대구 수성구 달구벌대로492길 9,(지번) 범어동 201-1,35.85775986,128.6322761,범어4동,,
봉추찜닭 대구범어점,대구 수성구 범어로20길 39 1층,(지번) 범어동 207-7,35.8580173,128.6380039,범어4동,,
놀부보쌈 대구범어점,대구 수성구 상록로2길 72,(지번) 범어동 30-3,35.8627563,128.6254595,범어3동,,
고바우 신천점,대구 수성구 들안로 409-1 1층,(지번) 범어동 1147,35.86686227,128.6179965,범어3동,,
복개천생고기,대구 수성구 청솔로14길 43,(지번) 범어동 805-405,35.85126397,128.6231731,범어1동,,
초원 암소숯불갈비식당,대구 수성구 동대구로 341-3,(지번) 범어동 43-6,35.86098168,128.6255131,범어3동,,
소담생고기,대구 수성구 달구벌대로492길 5,(지번) 범어동 200-13,35.85809641,128.632311,범어4동,,
차군의숯불카페,대구 수성구 동대구로59길 14-5,(지번) 범어동 792-18,35.85767464,128.6238306,범어1동,,
철만난맛고기닭발 범어점,대구 수성구 달구벌대로480길 30,(지번) 범어동 560-4,35.85866999,128.6235077,범어1동,,
고집뭉티기,대구 수성구 동대구로59길 14-2,(지번) 범어동 790-2,35.85749073,128.6241493,범어1동,,
외식1번가 범어점,대구 수성구 동원로 29 1층,(지번) 범어동 250-4,35.86154859,128.6396882,범어2동,,
수성한우갈비집,대구 수성구 범어로19길 42,(지번) 범어동 200-3,35.85808569,128.6334118,범어4동,,
조은생고기,대구 수성구 달구벌대로480길 5,(지번) 범어동 562-1,35.85851813,128.6248547,범어1동,,
범어소고기상점,대구 수성구 상록로 10 1층,(지번) 범어동 40-26,35.86019112,128.6241739,범어3동,,
족발한상 대구신천시장점,대구 수성구 들안로 408,(지번) 범어동 1189,35.86639868,128.6184886,범어3동,,
산야초삼계탕,대구 수성구 상록로 21-30,(지번) 범어동 481-12,35.86155778,128.6229205,범어3동,,
일미리금계찜닭 범어만촌점,대구 수성구 세진로 21 1층,(지번) 범어동 402-1,35.86197897,128.6380235,범어2동,,
찜닭집,대구 수성구 청솔로14길 15,(지번) 범어동 2272,35.85160882,128.622254,범어1동,,
돈사남,대구 수성구 들안로77길 30 수성태왕아너스 301동 1층 102,103,104호,(지번) 범어동 1266,35.86493672,128.6173603,범어3동
부성한우,대구 수성구 달구벌대로496길 24,(지번) 범어동 249-6,35.85697184,128.6338651,범어4동,,
더생고기,대구 수성구 달구벌대로492길 39,(지번) 범어동 203-22,35.85719794,128.634607,범어4동,,
인생도리탕,대구 수성구 범어로18길 89,(지번) 범어동 220-14,35.85733594,128.6406191,범어4동,,
감성낙곱새 대구점,대구 수성구 세진로 27,(지번) 범어동 403-18,35.86216632,128.6384927,범어2동,,
제주를굽다,대구 수성구 들안로 411,(지번) 범어동 1147,35.86695156,128.617991,범어3동,,
강너머남촌 범어점,대구 수성구 동대구로59길 3,(지번) 범어동 587-10,35.85725884,128.6251508,범어1동,,
동일돼지갈비식당,대구 수성구 청호로 467,(지번) 범어동 63-79,35.85745928,128.6433436,범어4동,,
번갯불 본점,대구 수성구 국채보상로162길 22-4,(지번) 범어동 1179,35.86657383,128.6185438,범어3동,,
신동생고기,대구 수성구 들안로 389,(지번) 범어동 1404,35.8648459,128.6178811,범어3동,,
꿈을요리하다닭한끼,대구 수성구 세진로1길 1,(지번) 범어동 393-8,35.86217989,128.6364064,범어2동,,
곱깨비 범어점,대구 수성구 범어로 126,(지번) 범어동 225-13,35.86071187,128.635942,범어2동,,
명덕총각족발 범어점,대구 수성구 들안로78길 21,(지번) 범어동 1440,35.86523551,128.6191487,범어3동,,
대구막창,대구 수성구 들안로 405-1,(지번) 범어동 1153,35.86647765,128.6180246,범어3동,,
도리신,대구 수성구 범어로20길 93,(지번) 범어동 218-7,35.85801282,128.6408472,범어4동,,
영화대나무 삼계탕추어탕,대구 수성구 동대구로73길 10-13,(지번) 범어동 17-1,35.86383793,128.6258794,범어3동,,
안동찜닭,대구 수성구 국채보상로194길 17,(지번) 범어동 426-28,35.86605309,128.6369346,범어2동,,
의성막창,대구 수성구 범어로20길 78,(지번) 범어동 213-16,35.8578572,128.6400751,범어4동,,
녹원생고기,대구 수성구 범어로 187,(지번) 범어동 136,35.8658471,128.6341013,범어2동,,
미운오리,대구 수성구 들안로 389-1,(지번) 범어동 1330,35.86494604,128.6179198,범어3동,,
단디족발,대구 수성구 청호로 411-2 1층,(지번) 범어동 95-2,35.85412194,128.6381959,범어4동,,
고향솥단지삼겹살,대구 수성구 청호로 435-6,(지번) 범어동 75-4,35.85604344,128.6401437,범어4동,,
제주흑돼지뒷고기 범어점,대구 수성구 들안로78길 19,(지번) 범어동 1439,35.8651732,128.6190645,범어3동,,
산약초삼계탕,대구 수성구 동대구로38안길 34,(지번) 범어동 688-2,35.84893444,128.6262309,범어1동,,
신나불찜닭&불닭발,대구 수성구 범어로 81 1층,(지번) 범어동 262-1,35.85678486,128.6356989,범어4동,,
못된닭발,대구 수성구 범어천로 135-7,(지번) 범어동 804-20,35.8588987,128.621726,범어1동,,
한우촌생갈비,대구 수성구 달구벌대로492길 12,(지번) 범어동 238-46,35.85754059,128.630619,범어1동,,
닭의한수,대구 수성구 동대구로38길 76,(지번) 범어동 671-15,35.84960211,128.6270619,범어1동,,
쏘굿한우 본점,대구 수성구 범어천로 170 1층,(지번) 범어동 2200,35.86190603,128.6228041,범어3동,,
대경로 양곱창,대구 수성구 달구벌대로492길 12,(지번) 범어동 238-46,35.85754059,128.630619,범어1동,,
착한안동갈비,대구 수성구 청호로85안길 17,(지번) 범어동 74-1,35.85611165,128.6395699,범어4동,,
백자,대구 수성구 동대구로80길 10-13,(지번) 범어동 47-15,35.8651247,128.6279128,범어2동,,
아씨애보쌈 엔히로아키 범어점,대구 수성구 달구벌대로496길 40-2 1층,(지번) 범어동 292-12,35.85489101,128.6338062,범어4동,,
햇맛숯불생고기촌 본점,대구 수성구 달구벌대로492길 15,(지번) 범어동 202-13,35.85739385,128.6322277,범어4동,,
나은생고기,대구 수성구 범어로 143,(지번) 범어동 147-21,35.86208493,128.6354718,범어2동,,
평소,대구 수성구 범어천로 45,(지번) 범어동 805-411,35.85100273,128.6232803,범어1동,,
청담153숯불바베큐불닭발,대구 수성구 범어로 81,(지번) 범어동 262-1,35.85678486,128.6356989,범어4동,,
삼쏘,대구 수성구 들안로81길 3 1층,(지번) 범어동 1264,35.86619718,128.6178935,범어3동,,
제주별돈,대구 수성구 범어천로 174-1 1층,(지번) 범어동 2179,35.8622035,128.6226103,범어3동,,
북성로불고기,대구 수성구 들안로 394,(지번) 범어동 1426,35.86523225,128.6183676,범어3동,,
대구육회 신천점,대구 수성구 들안로 403,(지번) 범어동 1259,35.86609989,128.6180247,범어3동,,
찜닭대장,대구 수성구 들안로78길 21,(지번) 범어동 1440,35.86523551,128.6191487,범어3동,,
또또양곱창,대구 수성구 달구벌대로480길 5,(지번) 범어동 562-1,35.85851813,128.6248547,범어1동,,
꼴망태 본점,대구 수성구 범어로 137,(지번) 범어동 147-4,35.861668,128.6355097,범어2동,,
목우촌웰빙마을 대구범어점,대구 수성구 범어로 72,(지번) 범어동 271-10,35.85577837,128.6357058,범어4동,,
홍가네 참옻닭,대구 수성구 범어로24길 7,(지번) 범어동 225-2,35.85977984,128.6360792,범어2동,,
야매찜닭,대구 수성구 국채보상로192길 38,(지번) 범어동 430-1,35.86596558,128.6360419,범어2동,,
산갈래닭갈비,대구 수성구 동대구로 369,(지번) 범어동 13-11,35.86341921,128.626403,범어3동,,
진생고기,대구 수성구 상록로 34,(지번) 범어동 27-9,35.86241153,128.6241602,범어3동,,
아맛나 9호점,대구 수성구 동대구로48길 33,(지번) 범어동 650,35.85066987,128.6273477,범어1동,,
고베,대구 수성구 범어로19길 39,(지번) 범어동 201-23,35.85779044,128.6335932,범어4동,,
달리소,대구 수성구 들안로 397-1,(지번) 범어동 1316,35.86562652,128.6179714,범어3동,,
더한우,대구 수성구 국채보상로 962,(지번) 범어동 428-2,35.86711942,128.6357956,범어2동,,
립스틱바른돼지,대구 수성구 범어로20길 78 1층,(지번) 범어동 213-16,35.8578572,128.6400751,범어4동,,
박상민한우&한돈 신천본점,대구 수성구 들안로78길 20,(지번) 범어동 1003-13,35.86504411,128.6192089,범어3동,,
도닭 본점,대구 수성구 들안로 409-1,(지번) 범어동 1148,35.86686227,128.6179965,범어3동,,
무진장 사월점,대구 수성구 달구벌대로659길 61-19 1층,(지번) 사월동 475-2,35.83872662,128.7159968,고산3동,,
소나무가든,대구 수성구 성동로 91,(지번) 사월동 168-4,35.84200569,128.7212852,고산3동,,
사월식육식당,대구 수성구 성동로 41,(지번) 사월동 550-6,35.8383659,128.7235819,고산3동,,
노규창의육박사 사월점,대구 수성구 달구벌대로669길 40 1층,(지번) 사월동 550-3,35.83767858,128.7211639,고산3동,,
최가네고기굽는집,대구 수성구 성동로15길 22,(지번) 사월동 27-1,35.84011173,128.7222449,고산3동,,
막창사냥꾼 사월점,대구 수성구 달구벌대로669길 40,(지번) 사월동 550-3,35.83767858,128.7211639,고산3동,,
근돼왕족발,대구 수성구 달구벌대로669길 40,(지번) 사월동 550-3,35.83767858,128.7211639,고산3동,,
닭스,대구 수성구 달구벌대로661길 22 1층,(지번) 사월동 366-8,35.83694376,128.7197825,고산3동,,
오리세상,대구 수성구 범안로64길 12,(지번) 삼덕동 535,35.82907574,128.6692696,고산2동,,
승정원한우,대구 수성구 들안로 73,(지번) 상동 49-13,35.83633466,128.6163879,상동,,
생고기송학구이,대구 수성구 들안로 65,(지번) 상동 70-2,35.83575041,128.6162165,상동,,
돈모닝,대구 수성구 수성로14길 12,(지번) 상동 383-4,35.83195148,128.6118005,상동,,
금산삼계탕 본점,대구 수성구 들안로 49,(지번) 상동 320-1,35.83420447,128.6162119,상동,,
극동구이,대구 수성구 들안로 1,(지번) 상동 406-8,35.82991381,128.6163951,상동,,
8번가갈비살,대구 수성구 들안로 71,(지번) 상동 49-5,35.83622072,128.6164438,상동,,
열무밭에돈 본점,대구 수성구 수성로 52,(지번) 상동 418-1,35.83013572,128.6111047,상동,,
달맞이,대구 수성구 들안로 11,(지번) 상동 404,35.83086276,128.616238,상동,,
깡돼지깡막창 들안길직영점,대구 수성구 수성로20길 87,(지번) 상동 319-7,35.83410836,128.6158736,상동,,
김형제고기의철학 대구수성못점,대구 수성구 무학로 35,(지번) 상동 415-13,35.82966081,128.6123345,상동,,
꿀꿀이통돼지왕소금구이 들안길점,대구 수성구 들안로 37,(지번) 상동 321-7,35.83320192,128.6164485,상동,,
버들식당,대구 수성구 들안로 33,(지번) 상동 322-3,35.83275221,128.6162231,상동,,
안동한우,대구 수성구 들안로 55,(지번) 상동 320-5,35.8347324,128.6162091,상동,,
묵돌이,대구 수성구 들안로 27,(지번) 상동 402-1,35.8322531,128.6162544,상동,,
가리산삼계탕고디탕,대구 수성구 들안로 61,(지번) 상동 70-5,35.83534458,128.6162131,상동,,
명륜진사갈비 대구들안길중동점,대구 수성구 청수로 48 1층,(지번) 상동 4-2,35.84025458,128.6132408,상동,,
키라쿠엔,대구 수성구 들안로 67,(지번) 상동 70-1,35.83592959,128.6163482,상동,,
쌍쌍오리한마당 수성못점,대구 수성구 용학로 13 1층,(지번) 상동 513,35.82601249,128.6111608,상동,,
패대기 들안길점,대구 수성구 들안로 51-1,(지번) 상동 320-3,35.8344994,128.616233,상동,,
이차돌 대구들안길점,대구 수성구 들안로 31,(지번) 상동 322-4,35.83265321,128.6162204,상동,,
착한안동갈비 상동점,대구 수성구 수성로 118,(지번) 상동 62-2,35.8358211,128.6121755,상동,,
솔밭생수식당 들안길직영점,대구 수성구 들안로 93-1,(지번) 상동 12,35.83831142,128.6161725,상동,,
할매불닭발,대구 수성구 상화로 77,(지번) 상동 68-16,35.835167,128.6156212,상동,,
대박제일생막창,대구 수성구 수성로 102,(지번) 상동 310-2,35.83435462,128.6118973,상동,,
명진뭉티기육회,대구 수성구 상화로 60,(지번) 상동 314,35.83473318,128.6135694,상동,,
무쏘가든,대구 수성구 수성로 128 1층,(지번) 상동 31-1,35.83690806,128.6121486,상동,,
우각정 들안길점,대구 수성구 들안로 37,(지번) 상동 321-7,35.83320192,128.6164485,상동,,
곤지봉한우,대구 수성구 들안로 31,(지번) 상동 322-4,35.83265321,128.6162204,상동,,
김병호의갠찬소,대구 수성구 수성로 160-1,(지번) 상동 2-8,35.83984412,128.6124008,상동,,
덕보막창,대구 수성구 수성로 82,(지번) 상동 349-4,35.83272766,128.6115767,상동,,
소마구참숯갈비,대구 수성구 들안로 23,(지번) 상동 402-2,35.83199159,128.6162538,상동,,
지리산흑돼지,대구 수성구 수성로32길 10 1층,(지번) 상동 25-7,35.83939332,128.6127538,상동,,
셰프의정성,대구 수성구 상화로 77,(지번) 상동 68-16,35.835167,128.6156212,상동,,
소백산식육식당,대구 수성구 상화로7길 8,(지번) 상동 113-8,35.83523167,128.610925,상동,,
참나무장작구이,대구 수성구 상화로 77,(지번) 상동 68-16,35.835167,128.6156212,상동,,
안동한우촌,대구 수성구 상화로 25,(지번) 상동 127-3,35.83474284,128.609813,상동,,
날꾸버잡수,대구 수성구 수성로14길 9,(지번) 상동 347-7,35.83217471,128.6117987,상동,,
김주연왕족발,대구 수성구 수성로 91,(지번) 상동 286-3,35.83357027,128.6112044,상동,,
김가네숯불명가,대구 수성구 수성로14길 89-14,(지번) 상동 322-1,35.83306827,128.6161945,상동,,
참뽈살&갈비살 상동점,대구 수성구 수성로14길 17,(지번) 상동 338-10,35.8322256,128.6121567,상동,,
동네숯불갈비,대구 수성구 수성로14길 34,(지번) 상동 384-6,35.83204699,128.6130034,상동,,
쪽갈비에미치닭 상동점,대구 수성구 수성로19길 10 1층,(지번) 상동 292,35.83398157,128.6108805,상동,,
유쾌한양대창 들안길본점,대구 수성구 들안로 51,(지번) 상동 320-2,35.83440039,128.6162309,상동,,
벽창우,대구 수성구 들안로 21-1,(지번) 상동 402-3,35.8317993,128.6162262,상동,,
우녹집 본점,대구 수성구 들안로9길 68-15,(지번) 상동 397-4,35.83152149,128.6148176,상동,,
쫄따구왕족발,대구 수성구 상화로4길 21,(지번) 상동 253-6,35.83361417,128.609758,상동,,
포크집,대구 수성구 신천동로 112,(지번) 상동 192-6,35.83514618,128.6070132,상동,,
경신상회,대구 수성구 수성로20길 87,(지번) 상동 319-7,35.83410836,128.6158736,상동,,
장수찜닭,대구 수성구 들안로 71,(지번) 상동 49-5,35.83622072,128.6164438,상동,,
베짱이,대구 수성구 들안로 81-1,(지번) 상동 48,35.83717081,128.6161755,상동,,
이게고기다,대구 수성구 신천동로26길 4,(지번) 상동 149-18,35.83662306,128.6072967,상동,,
배달돼지예,대구 수성구 상화로 16,(지번) 상동 248-16,35.83440301,128.6086965,상동,,
양반골,대구 수성구 상화로 34,(지번) 상동 261-7,35.8345563,128.6107477,상동,,
오리명가,대구 수성구 성동로 183,(지번) 성동 418-2,35.85015202,128.7211813,고산3동,,
성동한우식육식당,대구 수성구 성동로 183,(지번) 성동 418-2,35.85015202,128.7211813,고산3동,,
팔공,대구 수성구 수성로 331 1층,(지번) 수성동1가 217-4,35.85510627,128.61342,수성1가동,,
박대포소갈비,대구 수성구 수성로 339-1,(지번) 수성동1가 222-6,35.85589088,128.6134812,수성1가동,,
정가대박집 중동점,대구 수성구 수성로 267,(지번) 수성동1가 523-2,35.84941515,128.6126305,수성1가동,,
스카이막창 본점,대구 수성구 신천동로 300,(지번) 수성동1가 641-46,35.85165033,128.6089762,수성1가동,,
마을불고기,대구 수성구 달구벌대로456길 22,(지번) 수성동1가 88-12,35.85896912,128.6110822,수성1가동,,
술오름 수성점,대구 수성구 달구벌대로458길 40,(지번) 수성동1가 110-1,35.85797397,128.6125207,수성1가동,,
원조대구막창,대구 수성구 수성로69길 14 1층,(지번) 수성동1가 223-1,35.8561493,128.6134495,수성1가동,,
족발야시장 대구수성점,대구 수성구 수성로 317,(지번) 수성동1가 275-7,35.85392657,128.613253,수성1가동,,
금돈미가,대구 수성구 수성로53길 24,(지번) 수성동1가 491,35.85006192,128.6117165,수성1가동,,
청담원,대구 수성구 명덕로73길 60-4,(지번) 수성동1가 249-362,35.8572482,128.611278,수성1가동,,
에쿠스 본점,대구 수성구 신천동로 302,(지번) 수성동1가 641-45,35.85175105,128.6089918,수성1가동,,
모이라찜닭 본점,대구 수성구 달구벌대로456길 26,(지번) 수성동1가 88-17,35.85877402,128.6110015,수성1가동,,
영천생고기,대구 수성구 신천동로 298,(지번) 수성동1가 649-7,35.85148498,128.6088878,수성1가동,,
장원막창,대구 수성구 수성로 367-1,(지번) 수성동1가 112-9,35.85845312,128.6136137,수성1가동,,
빨쓰찜닭치킨 본점,대구 수성구 수성로 285,(지번) 수성동1가 423-3,35.85101799,128.6130288,수성1가동,,
부자돼지촌,대구 수성구 수성로53길 23,(지번) 수성동1가 490-1,35.84992167,128.6116783,수성1가동,,
족이좋아서,대구 수성구 수성로51길 16,(지번) 수성동1가 528-10,35.84905551,128.6120395,수성1가동,,
삼겹구이 원플러스원전문점,대구 수성구 수성로53길 48,(지번) 수성동1가 547-6,35.85033723,128.6104256,수성1가동,,
88수성교찜갈비,대구 수성구 달구벌대로456길 21,(지번) 수성동1가 89-11,35.85892345,128.6112955,수성1가동,,
반마리가격에한마리반한찜닭,대구 수성구 명덕로76길 107,(지번) 수성동1가 507-4,35.84969607,128.6115939,수성1가동,,
돼질네쭈꿀네,대구 수성구 희망로19길 46,(지번) 수성동1가 657-11,35.84935085,128.6097389,수성1가동,,
눈꽃을나누다 수성본점,대구 수성구 수성로68길 5 1층,(지번) 수성동2가 251-4,35.85519286,128.6140574,수성2.3가동,,
대백양곱창,대구 수성구 수성로76길 10,(지번) 수성동2가 228,35.85720958,128.6145499,수성2.3가동,,
식도락,대구 수성구 수성로74길 8 1층,(지번) 수성동2가 234,35.85668365,128.6143575,수성2.3가동,,
일월산돼지갈비 수성점,대구 수성구 수성로 334,(지번) 수성동2가 251-2,35.85527684,128.6139575,수성2.3가동,,
윤봉근 생돼지고기전문점 직영점,대구 수성구 수성로 356,(지번) 수성동2가 231-3,35.8572684,128.6140756,수성2.3가동,,
모모한우진갈비 수성점,대구 수성구 수성로 344-1,(지번) 수성동2가 239-2,35.85633176,128.6140147,수성2.3가동,,
김충기꽃삼겹 수성점,대구 수성구 수성로68길 17,(지번) 수성동2가 155-8,35.85515964,128.6146924,수성2.3가동,,
길섶한돈,대구 수성구 수성로 302,(지번) 수성동2가 280-2,35.85249598,128.613651,수성2.3가동,,
한우잡는날,대구 수성구 들안로 265,(지번) 수성동2가 65-2,35.85373848,128.6168406,수성2.3가동,,
기분좋은날막창,대구 수성구 수성로 316-1,(지번) 수성동2가 268-3,35.85375534,128.6137772,수성2.3가동,,
이가네목장 웃는소카페 성당시장2호점,대구 수성구 들안로 239,(지번) 수성동2가 109-10,35.8514454,128.6165149,수성2.3가동,,
북성로우동&불고기,대구 수성구 수성로 328,(지번) 수성동2가 258-2,35.85483944,128.6138492,수성2.3가동,,
소문난안동구시장찜닭,대구 수성구 수성로62길 8,(지번) 수성동2가 275-2,35.85270678,128.6139908,수성2.3가동,,
이동근선산곱창막창 수성점,대구 수성구 수성로 354,(지번) 수성동2가 232-1,35.85708963,128.6141546,수성2.3가동,,
정돈 대구본점,대구 수성구 들안로 239,(지번) 수성동2가 109-10,35.8514454,128.6165149,수성2.3가동,,
더피그,대구 수성구 수성로 302,(지번) 수성동2가 280-2,35.85249598,128.613651,수성2.3가동,,
참소우야,대구 수성구 수성로70길 45 1층,(지번) 수성동2가 44-2,35.85561465,128.6163926,수성2.3가동,,
화성참숯초벌구이,대구 수성구 수성로 348,(지번) 수성동2가 238-1,35.85654656,128.6142117,수성2.3가동,,
형진식당,대구 수성구 들안로 281,(지번) 수성동2가 39-4,35.85518807,128.616759,수성2.3가동,,
순창식육,대구 수성구 수성로 318,(지번) 수성동2가 265-3,35.85391475,128.6138041,수성2.3가동,,
오빠막창 수성점,대구 수성구 수성로58길 7 두원상가아파트 1층 103호,(지번) 수성동2가 284-2,35.85184977,128.6138787,수성2.3가동,,
명동식당,대구 수성구 수성로76길 6,(지번) 수성동2가 231-1,35.85725805,128.6142962,수성2.3가동,,
더 돈 드림,대구 수성구 수성로68길 48,(지번) 수성동2가 55-8,35.85492404,128.6162898,수성2.3가동,,
호야네닭발 수성점,대구 수성구 수성로70길 46,(지번) 수성동2가 47-1,35.85544187,128.6163546,수성2.3가동,,
즉석대가왕족발,대구 수성구 수성로58길 15,(지번) 수성동2가 217-4,35.8518284,128.6142551,수성2.3가동,,
탐미육방,대구 수성구 수성로 344-1 1층,(지번) 수성동2가 239-2,35.85633176,128.6140147,수성2.3가동,,
정일품생고기,대구 수성구 수성로 334,(지번) 수성동2가 251-1,35.85527684,128.6139575,수성2.3가동,,
대박왕족발보쌈,대구 수성구 수성로58길 43,(지번) 수성동2가 107-2,35.85172375,128.6158263,수성2.3가동,,
영천,대구 수성구 들안로 281,(지번) 수성동2가 39-4,35.85518807,128.616759,수성2.3가동,,
김무열순한우쇠고기 수성점,대구 수성구 들안로 281,(지번) 수성동2가 39-4,35.85518807,128.616759,수성2.3가동,,
내가왕이될족인가 본점,대구 수성구 수성로60길 6,(지번) 수성동2가 285,35.85221098,128.6137426,수성2.3가동,,
뿔뚝이,대구 수성구 수성로 300,(지번) 수성동2가 286,35.85222381,128.6135986,수성2.3가동,,
철수찜닭,대구 수성구 수성로64길 8,(지번) 수성동2가 270-3,35.85323299,128.6140292,수성2.3가동,,
팔도궁중찜닭 수성점,대구 수성구 명덕로 456,(지번) 수성동3가 193-1,35.85388075,128.619986,수성2.3가동,,
참숯불뭉티기,대구 수성구 청솔로 73-1,(지번) 수성동3가 79-2,35.853189,128.6206494,수성2.3가동,,
하루카,대구 수성구 청솔로 135,(지번) 수성동3가 14-2,35.85873172,128.6212386,수성2.3가동,,
삼겹살롱,대구 수성구 명덕로 442 1층,(지번) 수성동3가 333-1,35.85399185,128.618375,수성2.3가동,,
더돈,대구 수성구 들안로64길 39 2층,(지번) 수성동3가 20-3,35.85875461,128.6198692,수성2.3가동,,
장충동왕족발 수성직영점,대구 수성구 들안로48길 37,(지번) 수성동3가 236-2,35.85150627,128.619121,수성2.3가동,,
목우촌웰빙마을 대구수성점,대구 수성구 명덕로 455 수성3가롯데캐슬아파트 101동 106호,(지번) 수성동3가 57,35.85603622,128.6205181,수성2.3가동,,
청춘닭꼬치 대구수성점,대구 수성구 들안로48길 37 1층,(지번) 수성동3가 236-2,35.85150627,128.619121,수성2.3가동,,
제주돈,대구 수성구 명덕로 442,(지번) 수성동3가 333-1,35.85399185,128.618375,수성2.3가동,,
정원한우갈비 본점,대구 수성구 범어천로 151-28,(지번) 수성동4가 985-68,35.86049018,128.6216347,수성4가동,,
바를램,대구 수성구 들안로 365 창일빌딩 1층,(지번) 수성동4가 1024-2,35.86272267,128.6176043,수성4가동,,
징기스 대구수성점,대구 수성구 들안로 337 1층,(지번) 수성동4가 1022-12,35.86035476,128.6174223,수성4가동,,
대찬구이,대구 수성구 범어천로 213 2층,(지번) 수성동4가 1012-23,35.86385679,128.6184445,수성4가동,,
일통왕소금구이,대구 수성구 달구벌대로 2341-1,(지번) 수성동4가 1020-23,35.85995673,128.6185458,수성4가동,,
정족발,대구 수성구 들안로67길 30-5,(지번) 수성동4가 1023-10,35.86117693,128.6172776,수성4가동,,
우각정 본점,대구 수성구 신천동로 450,(지번) 수성동4가 1174-4,35.86362031,128.6128119,수성4가동,,
송원생고기육회,대구 수성구 신천동로88길 69,(지번) 수성동4가 1186-13,35.86033357,128.6128059,수성4가동,,
베테랑 본점,대구 수성구 들안로 367 1층,(지번) 수성동4가 1024-3,35.86284161,128.6176319,수성4가동,,
쪽쪽갈비,대구 수성구 들안로 368 1층,(지번) 수성동4가 1014-7,35.86283529,128.6181343,수성4가동,,
양곱이,대구 수성구 들안로 347,(지번) 수성동4가 1023-30,35.86110633,128.6175211,수성4가동,,
이진태왕소금구이 수성점,대구 수성구 들안로 377,(지번) 수성동4가 1026-2,35.8638943,128.617798,수성4가동,,
박대포소금구이,대구 수성구 들안로 376-1,(지번) 수성동4가 1012-7,35.86364524,128.6183216,수성4가동,,
미가생고기,대구 수성구 들안로67길 40 1층,(지번) 수성동4가 1028-19,35.86154655,128.6167912,수성4가동,,
오렌지가막창,대구 수성구 들안로 353-1,(지번) 수성동4가 1023-36,35.86163052,128.6175149,수성4가동,,
목구멍 수성점,대구 수성구 들안로67길 30-4 1층,(지번) 수성동4가 1022-7,35.86092268,128.6171065,수성4가동,,
홍춘천치즈닭갈비 수성1점,대구 수성구 들안로 338,(지번) 수성동4가 1021-6,35.86021964,128.6178602,수성4가동,,
블랭 신천점,대구 수성구 들안로73길 9 1층,(지번) 수성동4가 1027-1,35.8635002,128.6172347,수성4가동,,
무쏘 대구수성점,대구 수성구 들안로 337,(지번) 수성동4가 1022-12,35.86035476,128.6174223,수성4가동,,
연탄꽃삼겹 수성4가점,대구 수성구 들안로67길 26 1층,(지번) 수성동4가 1022-4,35.86093943,128.6168927,수성4가동,,
최영득얼큰이선산곱창 본점,대구 수성구 들안로 383,(지번) 수성동4가 1052-2,35.86417719,128.6177856,수성4가동,,
세광양대창 대구수성점,대구 수성구 달구벌대로467길 13,(지번) 수성동4가 1021-5,35.86014278,128.6180668,수성4가동,,
꽃돼지식당,대구 수성구 들안로 382,(지번) 수성동4가 1012-4,:35.8640051,128.618265,수성4가동,,
일등양,대구 수성구 들안로 338,(지번) 수성동4가 1021-6,35.86021964,128.6178602,수성4가동,,
봉산동 생고기집 신천시장점,대구 수성구 들안로73길 3-6,(지번) 수성동4가 1024-32,35.86329804,128.6175512,수성4가동,,
박상민의숙성삼겹 신천점,대구 수성구 들안로 381,(지번) 수성동4가 1052-5,35.86411409,128.6177807,수성4가동,,
우야지막창 범어점,대구 수성구 범어천로 147-8,(지번) 수성동4가 985-24,35.86016525,128.6219803,수성4가동,,
가장맛있는족발 대구수성점,대구 수성구 들안로 353,(지번) 수성동4가 1023-2,35.86151284,128.6175407,수성4가동,,
땡초불닭발 수성본점,대구 수성구 들안로 337,(지번) 수성동4가 1022-12,35.86035476,128.6174223,수성4가동,,
이가네안동생갈비,대구 수성구 달구벌대로 2341-2,(지번) 수성동4가 1020-33,35.86001659,128.6186511,수성4가동,,
정삼,대구 수성구 범어천로 213,(지번) 수성동4가 1012-23,35.86385679,128.6184445,수성4가동,,
한우삼총사,대구 수성구 들안로67길 81,(지번) 수성동4가 1060-23,35.86341425,128.6162021,수성4가동,,
일품육박사,대구 수성구 들안로 376-9 1층,(지번) 수성동4가 1012-9,35.8636087,128.6188864,수성4가동,,
금차돌,대구 수성구 들안로 376-5 1층,(지번) 수성동4가 1012-12,35.86363487,128.6186161,수성4가동,,
수성구1번지 본점,대구 수성구 신천동로 454,(지번) 수성동4가 1172-1,35.863888,128.6133046,수성4가동,,
연남물갈비,대구 수성구 수성로 393 수성하이츠상가139호,(지번) 수성동4가 1090-8,35.86116149,128.6132923,수성4가동,,
애정갈비 수성직영점,대구 수성구 들안로 343 1층,(지번) 수성동4가 1022-2,35.86081844,128.6174388,수성4가동,,
신천뒷고기,대구 수성구 들안로 376-3,(지번) 수성동4가 1012-5,35.86363202,128.6184601,수성4가동,,
다소니양곱창,대구 수성구 들안로 368,(지번) 수성동4가 1014-7,35.86283529,128.6181343,수성4가동,,
참나무장작구이삼돈,대구 수성구 범어천로 155-31,(지번) 수성동4가 980-20,35.86134348,128.6222408,수성4가동,,
대동왕생갈비,대구 수성구 들안로 344,(지번) 수성동4가 1021-13,35.86072262,128.617943,수성4가동,,
육백집 수성점,대구 수성구 들안로 353-1,(지번) 수성동4가 1023-36,35.86163052,128.6175149,수성4가동,,
오우막창,대구 수성구 달구벌대로469길 24,(지번) 수성동4가 1009-13,35.86082719,128.6193582,수성4가동,,
위풍당닭,대구 수성구 들안로73길 15,(지번) 수성동4가 1027-39,35.86351128,128.6169204,수성4가동,,
곱창백화점,대구 수성구 달구벌대로469길 8-1,(지번) 수성동4가 1009-33,35.86035354,128.6196394,수성4가동,,
야네랑,대구 수성구 범어천로 171,(지번) 수성동4가 980-3,35.86194419,128.6221332,수성4가동,,
단지막창 신천점,대구 수성구 들안로 367,(지번) 수성동4가 1024-3,35.86284161,128.6176319,수성4가동,,
한우리애,대구 수성구 수성로 393,(지번) 수성동4가 1090-8,35.86116149,128.6132923,수성4가동,,
오덕후 집으로돼지 수성점,대구 수성구 들안로73길 31-1,(지번) 수성동4가 1060-26,35.86350564,128.6160606,수성4가동,,
계돌이 본점,대구 수성구 들안로 357,(지번) 수성동4가 1023-11,35.86189753,128.6176021,수성4가동,,
늘봄갈비,대구 수성구 신천동로88길 55,(지번) 수성동4가 1186-4,35.86089467,128.6128688,수성4가동,,
수성족발 신천시장직영점,대구 수성구 들안로 344,(지번) 수성동4가 1021-13,35.86072262,128.617943,수성4가동,,
화우갈비 신천본점,대구 수성구 범어천로 213 1층,(지번) 수성동4가 1012-23,35.86385679,128.6184445,수성4가동,,
두근돼지김치찜,대구 수성구 달구벌대로467길 17,(지번) 수성동4가 1021,35.86026963,128.6180756,수성4가동,,
서우기곱창,대구 수성구 들안로 349,(지번) 수성동4가 1023-21,35.86129888,128.6175234,수성4가동,,
서면양곱창,대구 수성구 들안로77길 1,(지번) 수성동4가 1053-3,35.86426546,128.617722,수성4가동,,
안동찜닭,대구 수성구 들안로73길 31-8,(지번) 수성동4가 1060-35,35.86349922,128.6156804,수성4가동,,
황제족발,대구 수성구 신천동로96길 8,(지번) 수성동4가 1157-1,35.86614623,128.6149098,수성4가동,,
봉한뭉티기,대구 수성구 들안로73길 25,(지번) 수성동4가 1057-7,35.86352313,128.6165551,수성4가동,,
하늘타리 시지본점,대구 수성구 천을로 11 1층,(지번) 시지동 156,35.84407913,128.6917332,고산2동,,
막창도둑 알파시티점,대구 수성구 시지로 16 1층,(지번) 시지동 485-6,35.84123663,128.6923063,고산2동,,
이형택식육식당,대구 수성구 시지로 42,(지번) 시지동 489-3,35.83961602,128.6938995,고산2동,,
시지고기마트정육식당,대구 수성구 달구벌대로618길 1 1층,(지번) 시지동 253-2,35.84254999,128.6956712,고산2동,,
돈애반해 시지점,대구 수성구 시지로 36 1층,(지번) 시지동 489,35.83972368,128.6933007,고산2동,,
막창사냥꾼 시지직영점,대구 수성구 시지로 84-1 1층,(지번) 시지동 495-2,35.83683409,128.6965657,고산2동,,
달인의찜닭 시지점,대구 수성구 달구벌대로618길 11 2층,(지번) 시지동 382-5,35.84169325,128.6955777,고산2동,,
미스터삼겹,대구 수성구 알파시티2로3길 72 1층,(지번) 시지동 577-4,35.84035339,128.6919636,고산2동,,
맛족 맛있는돈족발 노변직영점,대구 수성구 시지로 90 1층,(지번) 시지동 495-5,35.83676288,128.6970012,고산2동,,
시골장터삼겹살,대구 수성구 시지로3길 58,(지번) 시지동 381-6,35.84184422,128.6957354,고산2동,,
금족발,대구 수성구 시지로 25,(지번) 시지동 488,35.84029262,128.6928424,고산2동,,
와글와글,대구 수성구 시지로1길 29,(지번) 시지동 253-3,35.84239317,128.6956533,고산2동,,
동부갈비,대구 수성구 시지로 72 1층,(지번) 시지동 492-1,35.83765877,128.6954644,고산2동,,
큰집한우식육식당,대구 수성구 달구벌대로 3121-5,(지번) 시지동 271-9,35.84298225,128.6985939,고산2동,,
이베리코흑돼지생막창,대구 수성구 시지로 36,(지번) 시지동 489,35.83972368,128.6933007,고산2동,,
오늘도족발에한잔 시지점,대구 수성구 알파시티2로 48 수성알파시티 동아아이위시 단지내 상가 503동 112호,(지번) 시지동 591,35.83795899,128.6931666,고산2동,,
김준호의대단한갈비 대구시지점,대구 수성구 달구벌대로 3122,(지번) 시지동 600,35.84199608,128.698515,고산2동,,
이응닭갈비,대구 수성구 시지로 22 수성중앙빌딩 1층 101호,(지번) 시지동 578,35.84076881,128.6922903,고산2동,,
닭올닭,대구 수성구 시지로 8,(지번) 시지동 237-1,35.84205421,128.6918858,고산2동,,
먹보마을,대구 수성구 천을로8길 10,(지번) 시지동 123-1,35.84420216,128.6958029,고산2동,,
불타는 막창곰장어,대구 수성구 시지로 40,(지번) 시지동 489-2,35.83963551,128.6937063,고산2동,,
일미리금계찜닭 시지점,대구 수성구 달구벌대로 3072-7,(지번) 시지동 249-7,35.84241573,128.6932428,고산2동,,
빠른돼지삼형제,대구 수성구 달구벌대로625길 7,(지번) 시지동 271,35.84295942,128.6989848,고산2동,,
호동이숯불촌 시지점,대구 수성구 노변공원로 27-3,(지번) 시지동 502-3,35.83948528,128.6992396,고산2동,,
구워주는삼겹살집 시지직영점,대구 수성구 알파시티2로3길 82 1층,(지번) 시지동 576-5,35.8402191,128.6914473,고산2동,,
오늘도막창 뒷고기,대구 수성구 달구벌대로 3107 상가 1호,(지번) 시지동 45-6,35.8432028,128.6971941,고산2동,,
맨날족이야 시지점,대구 수성구 달구벌대로625길 7,(지번) 시지동 271-1,35.84295942,128.6989848,고산2동,,
옛날석쇠불고기,대구 수성구 시지로 41,(지번) 시지동 488-15,35.84003505,128.6938484,고산2동,,
만구상회,대구 수성구 시지로 90,(지번) 시지동 495-5,35.83676288,128.6970012,고산2동,,
단아정,대구 수성구 달구벌대로619길 8,(지번) 시지동 54-2,35.84360175,128.6966507,고산2동,,
홍림,대구 수성구 신매로19길 56 1층,(지번) 신매동 567-42,35.83959897,128.7066358,고산1동,,
금곡삼계탕,대구 수성구 고산로 96 1층,(지번) 신매동 567-55,35.8393007,128.7047821,고산1동,,
김태근한방돼지갈비 시지점,대구 수성구 달구벌대로 3213,(지번) 신매동 366-4,35.84028522,128.7084591,고산3동,,
감성돼지 본점,대구 수성구 고산로4안길 33-8 1층,(지번) 신매동 607-2,35.83109266,128.7042604,고산1동,,
정술술 시지점,대구 수성구 고산로18길 15,(지번) 신매동 568-3,35.83907113,128.7061761,고산1동,,
뼈대있는고수돼지집 시지광장점,대구 수성구 신매로19길 8-4,(지번) 신매동 567-46,35.83905119,128.7085369,고산1동,,
명동돼지한마리,대구 수성구 욱수천로 80,(지번) 신매동 167-1,35.8353725,128.7123097,고산1동,,
자인축산식육식당,대구 수성구 달구벌대로645길 16 1층,(지번) 신매동 271,35.84029472,128.7104517,고산3동,,
옛날생막창,대구 수성구 고산로4안길 35,(지번) 신매동 607,35.83117627,128.7039692,고산1동,,
어릿골흑염소농장숯불촌 시지본점,대구 수성구 달구벌대로650길 45,(지번) 신매동 131-4,35.83457745,128.7096759,고산1동,,
우야지막창 시지점,대구 수성구 신매로19길 8-2,(지번) 신매동 567-22,35.83881157,128.7087656,고산1동,,
영천육회 시지점,대구 수성구 달구벌대로647길 20-1,(지번) 신매동 267-9,35.84055782,128.711523,고산3동,,
금강산생고기식당,대구 수성구 달구벌대로650길 39,(지번) 신매동 135,35.83504571,128.709908,고산1동,,
대한뉴스 대구시지점,대구 수성구 고산로 106,(지번) 신매동 567-1,35.83999959,128.7051397,고산1동,,
진정화로 본점,대구 수성구 고산로 102-4,(지번) 신매동 567-34,35.83945031,128.7054089,고산1동,,
원조막창,대구 수성구 신매로19길 32,(지번) 신매동 567-45,35.83928875,128.7079777,고산1동,,
막창도둑 시지광장점,대구 수성구 신매로19길 66 1층,(지번) 신매동 567-11,35.83971761,128.7060551,고산1동,,
꼬지짱,대구 수성구 달구벌대로 3218,(지번) 신매동 567-64,35.83935146,128.708263,고산1동,,
배터지는갈비 시지점,대구 수성구 신매로19길 26,(지번) 신매동 567-24,35.83888434,128.7082681,고산1동,,
대하닭갈비 시지점,대구 수성구 고산로 102,(지번) 신매동 567-2,35.83969876,128.7049135,고산1동,,
소금쟁이,대구 수성구 달구벌대로650길 41,(지번) 신매동 133-1,35.83489978,128.7096889,고산1동,,
동궁찜닭 시지점,대구 수성구 달구벌대로650길 74,(지번) 신매동 591-2,35.83225363,128.7084139,고산1동,,
청도삼계탕고디탕,대구 수성구 달구벌대로650길 54,(지번) 신매동 584-9,35.83391367,128.7090684,고산1동,,
55온족발 시지점,대구 수성구 신매로19길 23-3,(지번) 신매동 568-9,35.83884743,128.7074224,고산1동,,
안동식육점,대구 수성구 신매로16길 24-7,(지번) 신매동 574-7,35.83744777,128.7099455,고산1동,,
미식가의구이 대구시지점,대구 수성구 달구벌대로645길 11 신매동SNL메디타워 103,(지번) 신매동 273,35.84024143,128.709789,고산3동,,
킹콩찜닭 신매점,대구 수성구 신매로19길 38 2층,(지번) 신매동 567-36,35.83937102,128.7076544,고산1동,,
원할머니보쌈족발 대구시지점,대구 수성구 달구벌대로 3294 시지퍼스트 1동 1층 105호,(지번) 신매동 10-7,35.83639306,128.7158887,고산1동,,
맛족맛있는돈족발 시지점 본점,대구 수성구 신매로8길 12 1층,(지번) 신매동 584-15,35.8344892,128.7092727,고산1동,,
고집센그집갈비탕 대구시지점,대구 수성구 달구벌대로 3188,(지번) 신매동 567,35.84032058,128.7052157,고산1동,,
쌍팔쟁반,대구 수성구 고산로18길 3 1층,(지번) 신매동 567-54,35.83923595,128.7050014,고산1동,,
풍족,대구 수성구 고산로 90,(지번) 신매동 569,35.83767599,128.7044178,고산1동,,
유가네닭갈비 대구시지점,대구 수성구 신매로19길 72 2층,(지번) 신매동 567-32,35.83955691,128.7056256,고산1동,,
내가족발,대구 수성구 욱수천로 91,(지번) 신매동 169,35.83633922,128.7124687,고산1동,,
마왕족발 대구시지점,대구 수성구 달구벌대로645길 11,(지번) 신매동 273,35.84024143,128.709789,고산3동,,
시지왕족,대구 수성구 달구벌대로649길 21,(지번) 신매동 255-1,35.84038258,128.7124946,고산3동,,
불타는막창곰장어 매호점,대구 수성구 달구벌대로645길 16,(지번) 신매동 271,35.84029472,128.7104517,고산3동,,
만이갈비 시지점,대구 수성구 신매로19길 66 원빌딩 2층,(지번) 신매동 567-11,35.83971761,128.7060551,고산1동,,
복길이족발보쌈도시락 시지점,대구 수성구 고산로 24 1층,(지번) 신매동 597,35.83280833,128.7037205,고산1동,,
선미통돼지 시지광장점,대구 수성구 신매로19길 23-1,(지번) 신매동 568-10,35.83881108,128.7076083,고산1동,,
노포더시지,대구 수성구 신매로19길 8-2,(지번) 신매동 567-22,35.83881157,128.7087656,고산1동,,
신매한방족발,대구 수성구 신매로16길 40,(지번) 신매동 573-2,35.83813638,128.7096756,고산1동,,
장수삼계탕 신매점,대구 수성구 달구벌대로649길 26,(지번) 신매동 253-15,35.84037668,128.7130094,고산3동,,
만원족발,대구 수성구 신매로16길 30,(지번) 신매동 573-6,35.8377294,128.7095698,고산1동,,
두찜 시지신매점,대구 수성구 신매로 88 1층,(지번) 신매동 578-12,35.83729454,128.7090676,고산1동,,
장군찜닭,대구 수성구 신매로19길 60,(지번) 신매동 567-40,35.83961656,128.7063871,고산1동,,
대왕족발,대구 수성구 달구벌대로645길 11,(지번) 신매동 273,35.84024143,128.709789,고산3동,,
봉촌찜닭,대구 수성구 달구벌대로647길 7,(지번) 신매동 277-2,35.83975562,128.7103282,고산3동,,
청송 막창곰장어,대구 수성구 달구벌대로651길 12,(지번) 신매동 236-3,35.83848921,128.7136329,고산3동,,
최해란공주찜닭,대구 수성구 신매로 24,(지번) 신매동 593-8,35.83173223,128.7073747,고산1동,,
한우생각,대구 수성구 고산로4길 65,(지번) 신매동 607-8,35.83091708,128.7049809,고산1동,,
신매생고기,대구 수성구 달구벌대로650길 62,(지번) 신매동 589,35.83322066,128.7087856,고산1동,,
약초애오리 본점,대구 수성구 신매로16길 70,(지번) 신매동 574-13,35.83794815,128.7102699,고산1동,,
백촌막창,대구 수성구 고산로4길 86,(지번) 신매동 606-7,35.83064442,128.7061791,고산1동,,
갈비아저씨,대구 수성구 신매로16길 78,(지번) 신매동 574-9,35.83753558,128.7101518,고산1동,,
오리마을,대구 수성구 신매로16길 56-12,(지번) 신매동 573-12,35.83779819,128.7097578,고산1동,,
이색보쌈,대구 수성구 고산로4안길 9,(지번) 신매동 599,35.83234556,128.7041109,고산1동,,
한보식육점,대구 수성구 신매로16길 32,(지번) 신매동 573-5,35.83782723,128.7095911,고산1동,,
신매뒷고기촌,대구 수성구 신매로16길 80,(지번) 신매동 575,35.83750625,128.7103823,고산1동,,
고날,대구 수성구 달구벌대로650길 52-1,(지번) 신매동 584-10,35.83402033,128.7091086,고산1동,,
대구토바기막창,대구 수성구 달구벌대로649길 22-5,(지번) 신매동 246-11,35.8398619,128.713298,고산3동,,
황금마차,대구 수성구 신매로16길 70,(지번) 신매동 574-13,35.83794815,128.7102699,고산1동,,
복닥찜닭,대구 수성구 달구벌대로 3304-1 201동 2층,(지번) 신매동 46,35.8352548,128.71581,고산1동,,
진갈매기 신매점,대구 수성구 신매로19길 30,(지번) 신매동 567-19,35.83916572,128.7081756,고산1동,,
부엉이생고기,대구 수성구 달구벌대로645길 11,(지번) 신매동 273,35.84024143,128.709789,고산3동,,
태양축산,대구 수성구 신매로 60,(지번) 신매동 586-4,35.83467887,128.7082156,고산1동,,
대황오리촌,대구 수성구 달구벌대로576길 50-31,(지번) 연호동 348-4,35.83892738,128.6709452,고산2동,,
황장군 시지점,대구 수성구 유니버시아드로 346,(지번) 욱수동 130-3,35.82841597,128.707787,고산1동,,
굴다리식육식당,대구 수성구 욱수길 24,(지번) 욱수동 114-1,35.82743827,128.7055646,고산1동,,
청라정,대구 수성구 유니버시아드로 330,(지번) 욱수동 118-1,35.82913198,128.7065143,고산1동,,
여포참숯갈비,대구 수성구 욱수길 8,(지번) 욱수동 116-1,35.82883458,128.7057164,고산1동,,
봉암식당,대구 수성구 욱수길 114,(지번) 욱수동 470-3,35.81926277,128.7058095,고산1동,,
팔팔옻닭,대구 수성구 욱수길 114,(지번) 욱수동 472,35.81926277,128.7058095,고산1동,,
고집센그집갈비탕 시지경산점,대구 수성구 유니버시아드로 330,(지번) 욱수동 118-1,35.82913198,128.7065143,고산1동,,
대나무집,대구 수성구 욱수길 297,(지번) 욱수동 511,35.80541717,128.7021564,고산1동,,
제주통돈 시지직영점,대구 수성구 달구벌대로650길 57,(지번) 욱수동 263-3,35.83349457,128.7091875,고산1동,,
성암옷닭,대구 수성구 욱수길 227,(지번) 욱수동 산 185-5,35.80963168,128.7078363,고산1동,,
못뚝,대구 수성구 욱수길 232,(지번) 욱수동 산 139,35.81021145,128.7063339,고산1동,,
버드나무,대구 수성구 욱수길 32,(지번) 욱수동 산 53-2,35.82663481,128.7043585,고산1동,,
날마다좋은집,대구 수성구 달구벌대로 2819,(지번) 이천동 54-1,35.84944109,128.6683665,고산2동,,
따오기식당,대구 수성구 달구벌대로 2761-11,(지번) 이천동 30-3,35.85340337,128.6621591,고산2동,,
살맛나는집,대구 수성구 희망로 137-1,(지번) 중동 47-4,35.84729306,128.6138914,중동,,
백금돈,대구 수성구 들안로 133 1층,(지번) 중동 140-11,35.84177279,128.6165087,중동,,
석경 수성점,대구 수성구 들안로 217,(지번) 중동 17-1,35.84934323,128.6161924,중동,,
나는조선의소고기다 중동점,대구 수성구 들안로 149 1층,(지번) 중동 136-2,35.84321326,128.6164692,중동,,
김해뒷고기 2호점,대구 수성구 들안로 181 1층,(지번) 중동 77-1,35.84624859,128.6164421,중동,,
중동감나무집,대구 수성구 청수로9길 24,(지번) 중동 173-5,35.84166005,128.6137275,중동,,
대구참숯막창,대구 수성구 청수로 11,(지번) 중동 575-1,35.84126606,128.6094149,중동,,
내수족발보쌈,대구 수성구 수성로 188,(지번) 중동 176-3,35.84223976,128.6127273,중동,,
외양간참숯갈비 중동점,대구 수성구 청수로 7,(지번) 중동 568-10,35.84122935,128.6090273,중동,,
청주본가,대구 수성구 수성로 278,(지번) 중동 29-1,35.85024683,128.6135764,중동,,
대동삼계탕 본점,대구 수성구 들안로 163,(지번) 중동 133-8,35.84448255,128.6163999,중동,,
페라리막창,대구 수성구 청수로9길 29 1층,(지번) 중동 178-7,35.84184714,128.6134315,중동,,
한우반마리,대구 수성구 들안로 129,(지번) 중동 190-2,35.84133267,128.6161606,중동,,
참숯불뭉티기식당,대구 수성구 청수로 8,(지번) 중동 582-4,35.84080836,128.6088841,중동,,
금태생고기,대구 수성구 수성로41길 13,(지번) 중동 343-2,35.84443221,128.611649,중동,,
북성로우동불고기,대구 수성구 수성로 270,(지번) 중동 30-1,35.84960755,128.6134891,중동,,
일월산 중동점,대구 수성구 수성로 282,(지번) 중동 9-1,35.85059313,128.6135099,중동,,
돈꼬참숯구이,대구 수성구 청수로4길 11,(지번) 중동 594-2,35.84018183,128.6103212,중동,,
사또네석쇠갈비,대구 수성구 청수로 10-1,(지번) 중동 584-3,35.84069796,128.6091812,중동,,
안동갈비,대구 수성구 신천동로 160-1,(지번) 중동 551-130,35.83939882,128.6077916,중동,,
마왕족발 중동점,대구 수성구 수성로 214,(지번) 중동 100-2,35.84452922,128.6129748,중동,,
한우뭉티기,대구 수성구 수성로50길 55,(지번) 중동 43-15,35.84755146,128.6162141,중동,,
울할매찜닭,대구 수성구 청수로1길 68 107호,(지번) 중동 551-147,35.84443018,128.6092791,중동,,
호박넝쿨생고기,대구 수성구 들안로 131,(지번) 중동 190-8,35.84149868,128.616434,중동,,
대한갈비 들안길점,대구 수성구 들안로 181,(지번) 중동 77-1,35.84624859,128.6164421,중동,,
다우식당,대구 수성구 청수로 28,(지번) 중동 411-4,35.8405274,128.6110687,중동,,
삼겹돼지,대구 수성구 수성로35길 11,(지번) 중동 425-6,35.84147174,128.6114089,중동,,
뻐꾸기둥지,대구 수성구 수성로 212-2 1층,(지번) 중동 101-1,35.84415626,128.6129127,중동,,
오다가다,대구 수성구 청수로9길 34,(지번) 중동 170-1,35.84195957,128.6137086,중동,,
장충왕족발,대구 수성구 청수로3길 68,(지번) 중동 346-6,35.84407356,128.610822,중동,,
중동생막창 중동점,대구 수성구 수성로51길 5,(지번) 중동 304-1,35.8487255,128.6126111,중동,,
불이나닭,대구 수성구 수성로51길 59 1층,(지번) 중동 532-141,35.84891839,128.6097319,중동,,
고산정,대구 수성구 청수로9길 29,(지번) 중동 178-7,35.84184714,128.6134315,중동,,
맛있는고기,대구 수성구 청수로3길 9 1층,(지번) 중동 571,35.84155351,128.6101088,중동,,
육공방숯불,대구 수성구 들안로 203,(지번) 중동 43-6,35.84810429,128.6162229,중동,,
송담한우,대구 수성구 청수로3길 5,(지번) 중동 570-6,35.84137967,128.6100293,중동,,
허세수제갈비,대구 수성구 청수로3길 5,(지번) 중동 570-6,35.84137967,128.6100293,중동,,
박현지토종한우,대구 수성구 용학로30길 112,(지번) 지산동 1196-15,35.82089725,128.6309455,지산2동,,
인디언캠프,대구 수성구 청호로22길 36-5,(지번) 지산동 61,35.82921186,128.6451827,지산1동,,
두툼참숯초벌구이,대구 수성구 범안로3길 81,(지번) 지산동 1212-9,35.81998894,128.6366493,지산2동,,
송정한우,대구 수성구 동대구로14길 15-16,(지번) 지산동 955-2,35.83786255,128.6254919,지산1동,,
평생한우,대구 수성구 지범로31길 14 태화빌딩 1층,(지번) 지산동 1288-1,35.82267876,128.6397165,지산1동,,
명동돼지한마리,대구 수성구 동대구로12길 12,(지번) 지산동 1002-2,35.8351989,128.6247699,지산1동,,
명동갈비,대구 수성구 동대구로12길 12,(지번) 지산동 1002-2,35.8351989,128.6247699,지산1동,,
수상한돼지,대구 수성구 동대구로 96,(지번) 지산동 950-1,35.8387053,128.624646,지산1동,,
청양,대구 수성구 지범로23길 50,(지번) 지산동 1276-4,35.82258363,128.6384393,지산1동,,
자인한우촌,대구 수성구 동대구로 60,(지번) 지산동 998-4,35.83554458,128.6244362,지산1동,,
명륜진사갈비 대구지산역점,대구 수성구 지범로 59,(지번) 지산동 1160-74,35.82601384,128.629353,지산2동,,
느티나무골 본점,대구 수성구 청호로 104-7,(지번) 지산동 91-1,35.82682347,128.6451697,지산1동,,
해덕한우,대구 수성구 동대구로 78,(지번) 지산동 951-6,35.83716294,128.6246233,지산1동,,
미식가의구이 지산점,대구 수성구 지범로23길 38,(지번) 지산동 1276-2,35.8228771,128.6380191,지산1동,,
우야지막창 지산점,대구 수성구 지범로29길 7,(지번) 지산동 1277-14,35.82331308,128.6374165,지산1동,,
낙동생오리 수성못점,대구 수성구 용학로 151-1,(지번) 지산동 1182-10,35.82365603,128.6257305,지산2동,,
뚜버기 지산점,대구 수성구 지산로11길 9,(지번) 지산동 1262-15,35.8260683,128.6325105,지산1동,,
대구막창,대구 수성구 지범로 85-1 1층,(지번) 지산동 1258,35.82596969,128.6314445,지산1동,,
정가대박집 지산점,대구 수성구 용학로 293-11 1층,(지번) 지산동 1288-19,35.82219601,128.6390369,지산1동,,
박현지토종한우 1호점,대구 수성구 용학로30길 81 1층,(지번) 지산동 1193-20,35.82154549,128.6294808,지산2동,,
대장고깃집 본점,대구 수성구 지범로23길 35-3 1층,(지번) 지산동 1283-6,35.82327237,128.6380434,지산1동,,
대경생고기,대구 수성구 지범로 55,(지번) 지산동 1160-63,35.82611703,128.628501,지산2동,,
배신애석쇠불고기 지산점,대구 수성구 지범로23길 35-6,(지번) 지산동 445-1,35.82322762,128.6383447,지산1동,,
장군찜닭 두산점,대구 수성구 지범로31길 12 1층,(지번) 지산동 1288-4,35.82256755,128.6394006,지산1동,,
부산양곱창,대구 수성구 지산로9길 36,(지번) 지산동 1262-2,35.8261597,128.6316732,지산1동,,
김태주선산곱창 지산점,대구 수성구 용학로44길 33,(지번) 지산동 1204-16,35.8202422,128.6338718,지산2동,,
브라더황금냄비,대구 수성구 청수로38길 24,(지번) 지산동 967-8,35.83785487,128.6278496,지산1동,,
동궁찜닭 대구지산점,대구 수성구 지범로 167,(지번) 지산동 1276-5,35.82237318,128.6382831,지산1동,,
막창도둑,대구 수성구 지범로23길 39,(지번) 지산동 1285-1,35.82301608,128.6383149,지산1동,,
부엉이네숯불구이,대구 수성구 지산로11길 6 1층,(지번) 지산동 1265-4,35.8261237,128.6329767,지산1동,,
청목생고기,대구 수성구 동대구로20길 95 1층,(지번) 지산동 921-3,35.83839855,128.6295634,지산1동,,
고집센그집갈비탕 대구지산점,대구 수성구 용학로30길 107,(지번) 지산동 1194-6,35.82110565,128.6309016,지산2동,,
고기굽는푸줏간,대구 수성구 용학로 157 1층,(지번) 지산동 1182-7,35.82330076,128.6263399,지산2동,,
황금막창,대구 수성구 동대구로20길 65,(지번) 지산동 936-3,35.83831914,128.6279227,지산1동,,
참족 대구점,대구 수성구 청수로38길 9,(지번) 지산동 929,35.83829252,128.6281779,지산1동,,
아낌없이주는나무,대구 수성구 청호로22길 125,(지번) 지산동 26,35.83247642,128.6469913,지산1동,,
기봉이막창.뒷고기,대구 수성구 지범로29길 24-2,(지번) 지산동 1283-1,35.82355488,128.6381093,지산1동,,
왕가네 생막창숯불뒷고기,대구 수성구 지범로27길 12,(지번) 지산동 589-3,35.82541188,128.637321,지산1동,,
부산막창,대구 수성구 동대구로20길 65,(지번) 지산동 936-3,35.83831914,128.6279227,지산1동,,
왕산정육식당,대구 수성구 용학로 153,(지번) 지산동 1182-9,35.82340196,128.625873,지산2동,,
그물삼겹살 본점,대구 수성구 동대구로12길 42,(지번) 지산동 1004-2,35.8352002,128.6263253,지산1동,,
수성갈비,대구 수성구 동대구로6길 68 1층,(지번) 지산동 1070-1,35.83154207,128.6272463,지산1동,,
523족발 대구본점,대구 수성구 지산로9길 31 1층,(지번) 지산동 1258-3,35.82584824,128.6318341,지산1동,,
맛있는돈족발,대구 수성구 지범로23길 21 1층,(지번) 지산동 1282-4,35.82355547,128.6374507,지산1동,,
원조양푼돼지갈비찜,대구 수성구 동대구로14길 14,(지번) 지산동 996-6,35.83691992,128.6249749,지산1동,,
안동시장찜닭,대구 수성구 무학로33길 10,(지번) 지산동 761-9,35.83087026,128.6282442,지산1동,,
모모한우진갈비 지산점,대구 수성구 지범로31길 8,(지번) 지산동 1288-14,35.82241094,128.6391821,지산1동,,
김준호의대단한갈비 대구지산점,대구 수성구 용학로 238 1층,(지번) 지산동 1205,35.82032053,128.6344934,지산2동,,
담생고기,대구 수성구 지산로11길 4 1층,(지번) 지산동 1268-11,35.82602485,128.6332216,지산1동,,
푸줏간꽃돼지 지산점,대구 수성구 지범로23길 38,(지번) 지산동 1276-2,35.8228771,128.6380191,지산1동,,
육회나무,대구 수성구 지범로23길 35,(지번) 지산동 1283-7,35.82320878,128.6379612,지산1동,,
미정찜닭,대구 수성구 무학로31길 92 1층,(지번) 지산동 1011-6,35.83449777,128.6269702,지산1동,,
국대곱창,대구 수성구 지범로23길 47,(지번) 지산동 1285-4,35.82282729,128.6385389,지산1동,,
태영생막창 지산점,대구 수성구 용학로44길 19,(지번) 지산동 1204-10,35.82051026,128.6331517,지산2동,,
착한소한우식육식당,대구 수성구 용학로44길 58,(지번) 지산동 1207-14,35.81962137,128.6349739,지산2동,,
금대장한판구이&본래순대,대구 수성구 용학로 293-7,(지번) 지산동 1288-22,35.8219125,128.639401,지산1동,,
두찜 대구지산범물점,대구 수성구 지산로14길 83,(지번) 지산동 359-1,35.82660617,128.6383061,지산1동,,
곱창고 지산점,대구 수성구 지범로23길 50,(지번) 지산동 1276-4,35.82258363,128.6384393,지산1동,,
다인막창,대구 수성구 용학로31길 26,(지번) 지산동 1244-5,35.82420483,128.6270491,지산2동,,
도담찜닭 지산범물점,대구 수성구 지산로11길 16,(지번) 지산동 1263-7,35.82644881,128.6319566,지산1동,,
명가대박집,대구 수성구 지범로17길 16,(지번) 지산동 644-4,35.82659807,128.6310248,지산1동,,
정통왕족발,대구 수성구 청수로36길 38,(지번) 지산동 962-5,35.83759956,128.6269462,지산1동,,
큰바골 삼계탕,대구 수성구 동대구로20길 30,(지번) 지산동 958-7,35.83837833,128.6260472,지산1동,,
육즙가득한돈명가,대구 수성구 용학로 196,(지번) 지산동 1193-3,35.82170979,128.6297314,지산2동,,
꼬꾸첸철판닭갈비 지산점,대구 수성구 용학로 297-9,(지번) 지산동 1288-5,35.82244451,128.6395677,지산1동,,
명경한우,대구 수성구 청수로40길 30 1층,(지번) 지산동 974-7,35.83810677,128.6298878,지산1동,,
미와미생고기,대구 수성구 용학로44길 55 1층,(지번) 지산동 1205-17,35.81978888,128.6350475,지산2동,,
연남물갈비 대구지산점,대구 수성구 지범로29길 13,(지번) 지산동 1282-5,35.82347055,128.637592,지산1동,,
N분의1 지산점,대구 수성구 청수로36길 25,(지번) 지산동 964-1,35.83814475,128.6272926,지산1동,,
강대박,대구 수성구 지범로29길 24-16,(지번) 지산동 444-4,35.82347607,128.6386019,지산1동,,
돈돈 대구연탄마을 지산점,대구 수성구 지범로29길 14 1층,(지번) 지산동 1283-8,35.82332312,128.6377842,지산1동,,
날마다행복한집삼계탕,대구 수성구 무학로31길 84,(지번) 지산동 1011-4,35.83425969,128.6269299,지산1동,,
농부식당 본점,대구 수성구 동대구로 62,(지번) 지산동 998-3,35.83583234,128.6243148,지산1동,,
정막창,대구 수성구 범안로3길 87,(지번) 지산동 1212,35.82010682,128.6364563,지산2동,,
소걸음,대구 수성구 용학로 157 1층,(지번) 지산동 1182-7,35.82330076,128.6263399,지산2동,,
돼지저금통,대구 수성구 동대구로 96,(지번) 지산동 950-1,35.83869055,128.6246501,지산1동,,
연해,대구 수성구 청수로 198,(지번) 지산동 912,35.83884084,128.629689,지산1동,,
남산백년한우,대구 수성구 용학로 248 1층,(지번) 지산동 1211,35.82014982,128.6356079,지산2동,,
최영득선산곱창 지산점,대구 수성구 지범로23길 21,(지번) 지산동 1282-4,35.82355547,128.6374507,지산1동,,
옥천한우명가,대구 수성구 동대구로 34,(지번) 지산동 1051-1,35.83329697,128.6240543,지산1동,,
88왕소금 본관,대구 수성구 지범로23길 20,(지번) 지산동 1277-9,35.82352425,128.6371367,지산1동,,
청춘국물닭발 황금점,대구 수성구 동대구로6길 48,(지번) 지산동 1065-29,35.83204907,128.6264994,지산1동,,
돈명가김가박가,대구 수성구 용학로 196,(지번) 지산동 1193-3,35.82170979,128.6297314,지산2동,,
윤가네특별한마늘족발,대구 수성구 지범로 49,(지번) 지산동 1160-34,35.82627269,128.6275742,지산2동,,
도담찜닭,대구 수성구 청수로40길 62,(지번) 지산동 976-1,35.83665761,128.6297441,지산1동,,
22번지고깃집,대구 수성구 용학로 293-7 1층,(지번) 지산동 1288-22,35.8219125,128.639401,지산1동,,
토담,대구 수성구 용학로 163,(지번) 지산동 1241-8,35.82308626,128.6268871,지산2동,,
신성식육식당,대구 수성구 용학로 157 1층,(지번) 지산동 1182-7,35.82330076,128.6263399,지산2동,,
삼내꾸,대구 수성구 무학로 189 녹원맨션상가 2동 2호,(지번) 지산동 761,35.83094087,128.6305529,지산1동,,
곱도리탕전문점대가 지산점,대구 수성구 무학로31길 13,(지번) 지산동 1065,35.83112603,128.6264123,지산1동,,
산골소녀영심이,대구 수성구 지산로3길 95,(지번) 지산동 1244,35.82468061,128.6272767,지산2동,,
정원한우갈비 지산점,대구 수성구 지범로31길 14,(지번) 지산동 1288-1,35.82267876,128.6397165,지산1동,,
지산생고기,대구 수성구 지산로9길 12,(지번) 지산동 1261-5,35.82551112,128.6327102,지산1동,,
서울왕족발보쌈 반고개무침회,대구 수성구 지산로9길 10-9 1층,(지번) 지산동 1261-8,35.82582204,128.632854,지산1동,,
두툼이돈뽈살,대구 수성구 지범로 83-1,(지번) 지산동 633-1,35.82596,128.6312089,지산1동,,
도야족발 지산점,대구 수성구 지범로29길 24,(지번) 지산동 1283,35.82360692,128.6380065,지산1동,,
화랑생고기,대구 수성구 지범로31길 33-7,(지번) 지산동 1289-2,35.82367896,128.6406527,지산1동,,
늘품,대구 수성구 지범로 183,(지번) 지산동 1288-30,35.8215522,128.6396605,지산1동,,
그집생고기,대구 수성구 동대구로12길 71,(지번) 지산동 983-6,35.8353309,128.6279202,지산1동,,
무학뒷고기전문점,대구 수성구 지범로31길 12,(지번) 지산동 1288-4,35.82256755,128.6394006,지산1동,,
안동신찜닭,대구 수성구 지범로31길 33-10,(지번) 지산동 1290-8,35.82376111,128.6404109,지산1동,,
구들장생삼겹살한정식,대구 수성구 동대구로12안길 10,(지번) 지산동 994,35.83580893,128.625233,지산1동,,
봉숙이막창뒷고기,대구 수성구 지범로31길 11,(지번) 지산동 1285-15,35.82280768,128.6392304,지산1동,,
동인동찜갈비&불닭발불막창,대구 수성구 지범로 145,(지번) 지산동 1277-19,35.82357727,128.6364325,지산1동,,
보름달,대구 수성구 지산로9길 9,(지번) 지산동 1259-3,35.82521517,128.6327112,지산1동,,
삼겹본능 대구지산범물점,대구 수성구 용학로 297-9,(지번) 지산동 1288-5,35.82244451,128.6395677,지산1동,,
웅스찜닭,대구 수성구 지산로3길 77 1층,(지번) 지산동 1253-6,35.82432064,128.6283383,지산2동,,
기찬생고기전문점,대구 수성구 동대구로20길 95,(지번) 지산동 921-3,35.83839855,128.6295634,지산1동,,
닭발프린스,대구 수성구 지범로29길 19 1층,(지번) 지산동 1282-7,35.82365187,128.6377699,지산1동,,
장아저씨 행복한막창 지산점,대구 수성구 지범로23길 38,(지번) 지산동 1276-2,35.8228771,128.6380191,지산1동,,
고향닭개장옻닭,대구 수성구 지산로13길 14,(지번) 지산동 654-8,35.82731356,128.6322208,지산1동,,
돈토배기삼겹살,대구 수성구 지산로 59-1,(지번) 지산동 1268-18,35.82658482,128.6335066,지산1동,,
양돌이 신아나고곰장어닭발 본점,대구 수성구 동대구로 96,(지번) 지산동 950-1,35.83869055,128.6246501,지산1동,,
육회플러스,대구 수성구 지산로14안길 5 1층,(지번) 지산동 704,35.82753377,128.6350073,지산1동,,
차칸구구,대구 수성구 지범로 181,(지번) 지산동 1288-24,35.8216824,128.639311,지산1동,,
고기의유혹,대구 수성구 동대구로12길 100,(지번) 지산동 1015-5,35.83504711,128.6296165,지산1동,,
지지와이찜닭 지산점,대구 수성구 지범로27길 68,(지번) 지산동 437-2,35.82368566,128.6390918,지산1동,,
먹진남(먹는것에 진심인 남자),대구 수성구 지범로 181,(지번) 지산동 1288,35.8216824,128.639311,지산1동,,
숯불석쇠화로구이,대구 수성구 지산로3길 79,(지번) 지산동 1253-5,35.82434941,128.6282173,지산2동,,
호동이숯불촌 지산점,대구 수성구 용학로34길 6,(지번) 지산동 1187-9,35.82227259,128.6272819,지산2동,,
절구식당,대구 수성구 청수로36길 15,(지번) 지산동 936-2,35.83834425,128.6274597,지산1동,,
송화찜닭 지산점,대구 수성구 동대구로12길 71,(지번) 지산동 983-6,35.8353309,128.6279202,지산1동,,
고기집,대구 수성구 청수로36길 25,(지번) 지산동 964-1,35.83814475,128.6272926,지산1동,,
전과생고기,대구 수성구 동대구로14길 99,(지번) 지산동 975-6,35.83685037,128.6297907,지산1동,,
하양농장고기마트,대구 수성구 용학로 204,(지번) 지산동 1194-1,35.82150757,128.630748,지산2동,,
지산고기 백화점,대구 수성구 용학로 222,(지번) 지산동 1199-4,35.82092348,128.6325049,지산2동,,
금두꺼비생고기,대구 수성구 동대구로20길 65,(지번) 지산동 936-3,35.83831914,128.6279227,지산1동,,
대성식당,대구 수성구 용학로42길 9 B동 10,(지번) 지산동 1199-10,35.82079684,128.631863,지산2동,,
뽀야막창,대구 수성구 파동로48길 5,(지번) 파동 50-1,35.82416563,128.6110435,파동,,
화판 본점,대구 수성구 파동로 79-1 1층,(지번) 파동 526-3,35.81107273,128.6179486,파동,,
돈모닝 파동직영점,대구 수성구 파동로 169 1층,(지번) 파동 23-119,35.81805034,128.6131336,파동,,
종로1번지&역전아재맥주,대구 수성구 파동로32길 120,(지번) 파동 73-4,35.82239219,128.6138762,파동,,
복자갈비,대구 수성구 파동로2길 21,(지번) 파동 581-53,35.80764365,128.6217956,파동,,
김과장또와대패삼겹 본점,대구 수성구 파동로 95,(지번) 파동 200-8,35.81217338,128.6171192,파동,,
금계정,대구 수성구 용학로 14,(지번) 파동 690,35.82565657,128.6113262,파동,,
소문난막창,대구 수성구 파동로 155,(지번) 파동 138-59,35.81680609,128.6137133,파동,,
참고기마당숯불갈비,대구 수성구 파동로 129-1,(지번) 파동 160-19,35.81488613,128.6150669,파동,,
박가뒷고기,대구 수성구 파동로 119,(지번) 파동 172-5,35.81415472,128.6156666,파동,,
별이막창,대구 수성구 파동로22길 8,(지번) 파동 206-4,35.81321437,128.6172005,파동,,
돈데기리,대구 수성구 파동로 19,(지번) 파동 486-1,35.80649292,128.6213653,파동,,
석거닭발,대구 수성구 파동로 99-1,(지번) 파동 199-24,35.81264115,128.6168994,파동,,
대복막창,대구 수성구 파동로2길 36,(지번) 파동 480-11,35.80870224,128.6207189,파동,,
지례숯불갈비,대구 수성구 파동로 173,(지번) 파동 23-92,35.81850829,128.6129464,파동,,
순안동한우,대구 수성구 파동로 147,(지번) 파동 148-18,35.8161606,128.6140757,파동,,
새나라참숯갈비,대구 수성구 고모로 120,(지번) 가천동 467-3,35.85236636,128.6849196,고산2동,,
